id,fault_severity
14121,1.0
9320,0.0
14394,1.0
8218,1.0
14804,0.0
1080,0.0
9731,0.0
15505,0.0
3443,1.0
13300,1.0
8976,1.0
7965,0.0
10342,0.0
6741,1.0
7187,0.0
16780,0.0
14195,0.0
14025,0.0
8548,1.0
9566,0.0
15652,0.0
3931,0.0
4557,0.0
3610,0.0
16574,0.0
7504,1.0
9735,0.0
14048,1.0
6769,0.0
2514,0.0
896,0.0
4757,0.0
16358,1.0
11810,0.0
7274,1.0
2972,0.0
7392,0.0
6824,0.0
4311,2.0
12261,2.0
14752,0.0
14992,2.0
967,2.0
8059,0.0
13406,0.0
11424,0.0
3945,2.0
10351,2.0
2272,0.0
10752,1.0
17096,2.0
17314,2.0
12770,1.0
3304,1.0
9012,0.0
9928,2.0
297,2.0
5751,0.0
17692,1.0
3688,0.0
3425,1.0
7871,1.0
10013,0.0
13832,1.0
11743,1.0
10099,1.0
16682,1.0
10156,1.0
16154,0.0
14176,1.0
14964,2.0
12896,2.0
7288,2.0
15882,0.0
12441,1.0
17248,0.0
16745,0.0
5315,0.0
17118,1.0
7725,0.0
2311,0.0
4292,0.0
15773,0.0
6531,0.0
16009,0.0
11930,0.0
8541,0.0
11019,0.0
8274,0.0
722,0.0
12305,1.0
11444,1.0
4006,1.0
9231,1.0
6821,0.0
12888,0.0
6779,0.0
11232,0.0
11685,2.0
1318,1.0
909,1.0
18511,1.0
16460,0.0
12008,0.0
6811,0.0
16071,0.0
4486,0.0
183,1.0
5729,0.0
15368,0.0
5064,0.0
11530,0.0
14860,0.0
13166,0.0
14528,0.0
4202,1.0
3916,1.0
11454,1.0
12297,0.0
553,0.0
10390,1.0
5056,0.0
10503,0.0
1835,1.0
10085,0.0
13807,0.0
11318,0.0
533,0.0
10538,1.0
11549,0.0
16900,0.0
599,0.0
11700,0.0
18331,0.0
5381,2.0
13638,0.0
2703,0.0
13686,0.0
6240,2.0
8546,0.0
4578,0.0
15870,0.0
17084,0.0
4114,0.0
8011,0.0
6588,0.0
12490,2.0
3975,0.0
4720,0.0
15209,0.0
6092,1.0
9426,0.0
2307,0.0
13291,0.0
17245,1.0
11726,0.0
15486,0.0
9033,2.0
9959,0.0
3798,0.0
15624,1.0
5995,0.0
9644,0.0
10779,0.0
9734,1.0
14954,1.0
15493,0.0
6222,1.0
17390,1.0
6826,1.0
8611,2.0
9087,0.0
17472,1.0
12760,0.0
4963,2.0
6225,1.0
7959,0.0
1773,1.0
6136,1.0
5965,1.0
5390,0.0
13663,2.0
4501,0.0
13442,1.0
6958,0.0
16339,0.0
9372,0.0
5576,1.0
663,0.0
1473,1.0
949,0.0
10513,0.0
14289,1.0
15260,0.0
9812,0.0
4916,2.0
17515,2.0
17388,0.0
4450,0.0
16258,0.0
10528,0.0
4003,1.0
3954,1.0
13945,1.0
15607,0.0
11897,0.0
12609,0.0
10122,0.0
7886,0.0
15771,0.0
17681,0.0
15863,2.0
17690,1.0
8606,0.0
11362,0.0
4604,0.0
5480,0.0
12277,2.0
1400,0.0
6687,0.0
11153,0.0
8313,2.0
5787,0.0
741,0.0
16502,0.0
4036,0.0
5029,0.0
18158,1.0
18441,0.0
4268,0.0
4092,0.0
16819,0.0
7774,2.0
5824,0.0
7295,1.0
18146,0.0
17409,2.0
6095,0.0
9032,0.0
5210,0.0
11177,0.0
12324,1.0
1697,0.0
3106,1.0
7824,0.0
2588,0.0
13644,0.0
13082,0.0
8150,0.0
6234,0.0
10350,0.0
13538,0.0
2338,0.0
17947,0.0
9786,0.0
9514,0.0
13670,0.0
15482,0.0
12517,1.0
411,1.0
10237,0.0
12734,0.0
10863,0.0
11390,0.0
5260,0.0
8244,1.0
4161,1.0
16354,0.0
15236,0.0
14877,0.0
4810,0.0
4637,0.0
14124,1.0
4737,0.0
5377,1.0
14696,0.0
2880,1.0
17021,0.0
11043,0.0
6,1.0
2380,1.0
6563,0.0
2273,0.0
1743,1.0
12919,2.0
7922,0.0
8201,0.0
13659,0.0
2861,0.0
17883,2.0
17057,0.0
12316,0.0
12541,0.0
363,0.0
4166,1.0
8354,0.0
9160,1.0
1476,0.0
8193,1.0
12708,1.0
13410,0.0
12066,0.0
8570,0.0
4204,0.0
18290,0.0
11441,2.0
17975,1.0
11262,0.0
3768,0.0
11418,0.0
13813,1.0
1665,1.0
4170,0.0
12798,0.0
681,0.0
319,0.0
17956,0.0
429,0.0
6663,1.0
10586,1.0
8583,0.0
8030,0.0
5099,0.0
446,1.0
5725,1.0
15436,0.0
6758,0.0
6449,0.0
4552,1.0
17865,0.0
1645,1.0
1308,0.0
8781,1.0
831,0.0
15145,0.0
17654,0.0
603,0.0
5962,0.0
11520,0.0
10341,0.0
5070,0.0
1197,0.0
6187,1.0
733,0.0
2242,0.0
479,0.0
12362,0.0
14596,0.0
6801,1.0
4896,1.0
3287,1.0
8377,1.0
14233,0.0
5065,0.0
6233,0.0
4160,0.0
16840,0.0
18192,0.0
7711,0.0
7254,1.0
3214,0.0
14597,1.0
15086,2.0
8686,0.0
16989,2.0
420,0.0
16891,0.0
8046,1.0
7484,0.0
14880,0.0
16049,0.0
227,0.0
1387,0.0
12011,0.0
6123,0.0
8935,0.0
2865,0.0
17241,0.0
5237,0.0
3185,1.0
4691,0.0
8423,0.0
17894,0.0
14642,0.0
5292,0.0
3670,1.0
7301,1.0
2105,0.0
1954,0.0
7699,0.0
15680,1.0
16960,0.0
2476,0.0
4646,0.0
4826,0.0
14595,1.0
12970,1.0
9353,0.0
17222,0.0
10057,0.0
12864,2.0
16999,0.0
2692,0.0
14976,0.0
6847,1.0
15784,0.0
8439,1.0
7067,0.0
18113,1.0
17415,0.0
12978,0.0
5459,0.0
10742,1.0
497,0.0
6646,0.0
12958,0.0
5394,0.0
12610,1.0
5926,0.0
9713,0.0
7364,0.0
5311,0.0
13337,0.0
11149,0.0
6938,1.0
14109,0.0
16926,0.0
5219,0.0
14939,1.0
6492,0.0
4107,0.0
506,0.0
2435,1.0
12376,1.0
135,0.0
9605,0.0
13872,0.0
15057,0.0
11020,1.0
3536,0.0
14249,2.0
3979,0.0
8293,0.0
2987,0.0
2361,2.0
11595,2.0
15473,0.0
8927,0.0
7128,1.0
5580,0.0
2302,0.0
3332,0.0
15011,1.0
3262,0.0
8459,0.0
3303,0.0
7207,0.0
2560,0.0
5935,0.0
17817,0.0
6081,0.0
1244,1.0
784,0.0
5703,2.0
4848,0.0
5634,1.0
16696,0.0
12619,0.0
15671,1.0
12676,0.0
18093,1.0
11855,1.0
1456,0.0
17460,1.0
12099,0.0
274,0.0
105,1.0
13301,0.0
12782,2.0
8928,0.0
11604,0.0
16445,0.0
16694,1.0
646,0.0
11171,0.0
18228,2.0
1104,1.0
16966,0.0
16874,0.0
18127,1.0
1205,0.0
3172,0.0
18535,0.0
8729,1.0
3384,0.0
7640,0.0
7007,0.0
11469,0.0
16837,1.0
17237,0.0
19,1.0
14290,0.0
6761,0.0
15850,0.0
16249,0.0
11170,0.0
9380,1.0
1790,0.0
14735,2.0
14241,1.0
5689,0.0
14799,1.0
15037,0.0
17745,1.0
874,2.0
11724,0.0
12109,0.0
2589,1.0
1619,0.0
9224,0.0
6197,0.0
6643,1.0
14544,1.0
14337,0.0
16159,0.0
12623,0.0
11193,1.0
10700,0.0
1264,0.0
18386,0.0
5364,0.0
16123,0.0
6111,1.0
7607,2.0
14830,1.0
12961,2.0
16230,0.0
8174,1.0
15369,0.0
4558,0.0
12259,0.0
14532,0.0
6004,0.0
12646,0.0
8685,0.0
11183,0.0
8953,1.0
17491,0.0
13130,0.0
14740,0.0
532,0.0
13907,1.0
18363,1.0
10422,0.0
6041,0.0
8590,2.0
17319,0.0
14844,1.0
6719,2.0
417,1.0
16552,1.0
2145,0.0
13169,0.0
15657,0.0
17361,0.0
17844,0.0
16368,0.0
4652,0.0
4238,0.0
7490,2.0
8847,0.0
11995,0.0
7139,0.0
6002,0.0
14402,0.0
14409,0.0
1098,0.0
12774,1.0
5249,2.0
1382,2.0
15226,1.0
94,2.0
9591,0.0
11886,0.0
1621,1.0
810,0.0
8536,1.0
3169,1.0
6788,2.0
3111,0.0
4080,1.0
18193,1.0
16218,1.0
4246,0.0
14125,0.0
821,1.0
13006,0.0
18173,0.0
11276,0.0
10371,0.0
9261,0.0
18297,0.0
912,1.0
7579,1.0
10263,1.0
18391,0.0
16015,1.0
17938,0.0
2894,0.0
6648,0.0
11137,2.0
17054,0.0
6495,0.0
10070,0.0
11029,1.0
16043,0.0
12529,0.0
9536,1.0
5281,0.0
14815,0.0
11651,1.0
6697,0.0
488,0.0
9228,1.0
6298,2.0
12674,0.0
18262,0.0
3569,1.0
17870,0.0
2074,0.0
16700,2.0
8286,1.0
6739,0.0
13417,0.0
12365,0.0
6966,1.0
6572,0.0
8558,0.0
11860,0.0
15193,0.0
17502,0.0
13120,0.0
17275,1.0
16879,0.0
18392,1.0
11333,0.0
16107,0.0
2054,0.0
6395,0.0
14049,0.0
10894,0.0
6591,1.0
11403,0.0
18213,0.0
1691,0.0
13032,0.0
13322,0.0
1974,0.0
8387,0.0
9942,0.0
9577,0.0
5904,0.0
7456,0.0
14265,0.0
17219,0.0
1086,0.0
17788,0.0
5336,0.0
1314,0.0
7208,0.0
10998,0.0
2143,0.0
1164,2.0
6471,2.0
9099,0.0
13296,1.0
978,1.0
3645,0.0
4802,1.0
10027,1.0
1022,2.0
11848,0.0
15419,0.0
3058,0.0
7001,2.0
8160,0.0
14414,2.0
8415,1.0
12471,0.0
11077,0.0
7847,0.0
6851,0.0
4852,0.0
3982,0.0
8727,0.0
10683,0.0
9412,1.0
6288,1.0
18012,0.0
6261,0.0
8481,1.0
7926,0.0
8789,2.0
2542,1.0
3571,1.0
5602,0.0
570,0.0
18452,0.0
10478,2.0
9793,0.0
7516,1.0
15506,0.0
4969,0.0
11738,1.0
9037,0.0
2180,1.0
4831,0.0
4524,0.0
897,0.0
11590,0.0
16275,2.0
6421,0.0
12977,0.0
10389,0.0
716,2.0
3821,0.0
9584,0.0
18110,2.0
2184,0.0
4253,0.0
149,0.0
18163,0.0
17847,0.0
14558,1.0
16573,0.0
18039,1.0
1428,1.0
13919,0.0
5775,1.0
12068,0.0
2596,0.0
15036,0.0
13999,0.0
3182,0.0
18498,0.0
2860,1.0
6724,0.0
5413,2.0
1716,1.0
1699,0.0
7576,0.0
14634,1.0
11523,0.0
18341,0.0
16010,0.0
12862,1.0
1492,0.0
12573,0.0
9422,0.0
9444,0.0
1646,0.0
1447,1.0
14855,0.0
8602,0.0
6700,0.0
9205,0.0
8176,0.0
8376,0.0
12353,0.0
14661,0.0
14212,2.0
6694,1.0
385,1.0
13113,0.0
7670,0.0
10675,2.0
2221,0.0
7758,1.0
11979,0.0
1217,0.0
16468,0.0
6061,0.0
17735,1.0
18275,0.0
16407,0.0
4042,0.0
501,0.0
9005,0.0
4972,0.0
8107,0.0
13101,0.0
14400,0.0
11777,0.0
9951,0.0
7844,0.0
10539,0.0
11882,0.0
16092,0.0
2662,0.0
11023,0.0
4527,0.0
1051,0.0
14751,0.0
9096,0.0
14820,1.0
15604,0.0
13892,0.0
2186,0.0
9817,0.0
15340,0.0
15877,1.0
2277,0.0
15816,0.0
11167,0.0
4175,1.0
15765,0.0
3401,1.0
1981,1.0
15993,0.0
5907,0.0
18031,0.0
4028,0.0
6891,0.0
18227,0.0
7951,1.0
12022,1.0
12753,0.0
12320,0.0
5386,0.0
14658,0.0
622,1.0
6988,1.0
5537,1.0
17106,0.0
13793,2.0
193,0.0
6059,1.0
4272,0.0
15383,1.0
4934,0.0
3646,1.0
14240,1.0
15303,0.0
8487,1.0
295,1.0
5259,0.0
2118,0.0
18539,0.0
157,0.0
12651,1.0
900,1.0
3681,0.0
13970,2.0
7779,2.0
13880,1.0
14425,1.0
11781,0.0
7286,1.0
10427,1.0
4303,0.0
15913,0.0
616,1.0
17051,0.0
10167,0.0
3566,0.0
10457,0.0
11166,0.0
8099,0.0
16791,1.0
665,1.0
11816,0.0
855,2.0
11078,0.0
15359,2.0
13401,0.0
8017,0.0
491,0.0
7900,0.0
3968,0.0
18111,0.0
9877,0.0
9134,0.0
15523,0.0
7902,0.0
1864,2.0
8032,2.0
4756,2.0
4176,0.0
11482,0.0
16543,0.0
5903,0.0
1228,1.0
1533,0.0
15606,1.0
11776,1.0
1430,0.0
5299,0.0
9479,0.0
14690,0.0
3364,1.0
9065,0.0
13823,0.0
5229,0.0
9102,1.0
9908,0.0
15274,1.0
15710,2.0
15801,2.0
12900,0.0
10326,0.0
7841,0.0
16283,0.0
917,1.0
11861,1.0
17029,0.0
17343,2.0
14267,1.0
13102,0.0
6991,0.0
3952,1.0
11868,0.0
11058,0.0
16359,0.0
16972,1.0
12255,1.0
18005,0.0
2237,0.0
13926,1.0
5337,0.0
18010,1.0
9630,0.0
8680,0.0
17306,1.0
4165,1.0
11355,0.0
5201,0.0
1702,1.0
7657,0.0
12464,0.0
8784,0.0
9469,0.0
5505,0.0
14461,0.0
7649,0.0
10954,0.0
8856,1.0
1085,0.0
14363,0.0
6625,0.0
8806,2.0
10642,2.0
6787,0.0
17832,0.0
5406,0.0
6130,0.0
742,0.0
10531,0.0
3806,0.0
8367,1.0
541,0.0
5058,1.0
14133,0.0
4980,0.0
1632,1.0
16847,0.0
500,0.0
16045,0.0
18076,0.0
6832,1.0
12891,0.0
640,0.0
10946,0.0
11820,1.0
15119,1.0
10451,0.0
10131,0.0
8041,0.0
6892,0.0
8794,0.0
16213,0.0
7130,0.0
13070,2.0
10153,0.0
3101,0.0
5075,0.0
3736,0.0
16064,2.0
12893,1.0
5899,0.0
3195,1.0
8422,1.0
4223,0.0
9263,1.0
4833,1.0
7284,2.0
13689,1.0
1574,0.0
8987,0.0
15944,0.0
9441,1.0
16147,0.0
3994,2.0
777,1.0
13142,0.0
10146,0.0
9583,0.0
3629,0.0
9081,1.0
9611,1.0
984,0.0
8344,0.0
11252,0.0
10282,0.0
10561,0.0
6715,1.0
11753,1.0
2432,0.0
15157,2.0
2627,0.0
843,2.0
1675,0.0
15140,0.0
7874,0.0
415,1.0
4435,1.0
7798,1.0
16494,0.0
8263,1.0
8523,0.0
1793,2.0
15593,1.0
5545,0.0
5889,0.0
15923,0.0
2576,1.0
14879,1.0
9148,0.0
3512,0.0
12789,0.0
3941,1.0
11052,0.0
7720,2.0
15625,1.0
33,0.0
17490,0.0
14456,0.0
2452,1.0
7338,1.0
17440,0.0
12038,0.0
7179,1.0
10343,0.0
49,0.0
8163,2.0
16950,0.0
12761,2.0
5123,1.0
14988,0.0
10620,0.0
6975,2.0
9604,0.0
3921,2.0
16832,2.0
17837,0.0
11872,1.0
14522,1.0
13015,0.0
9520,1.0
4749,1.0
9675,1.0
8071,1.0
9519,1.0
721,0.0
1653,0.0
13560,2.0
12921,1.0
2715,1.0
5183,1.0
1239,0.0
17297,1.0
10115,1.0
11846,1.0
10501,0.0
12772,0.0
2067,0.0
11585,0.0
13940,2.0
7131,0.0
12352,0.0
3236,0.0
13240,0.0
581,0.0
6581,0.0
6219,2.0
11757,1.0
8852,0.0
5179,1.0
1105,0.0
12535,1.0
17546,0.0
13201,0.0
15848,0.0
11224,0.0
12147,0.0
10776,1.0
2363,0.0
8994,0.0
13847,0.0
17436,2.0
2541,0.0
1152,0.0
17914,1.0
2397,0.0
10648,0.0
8275,1.0
7916,1.0
3495,1.0
14895,1.0
9137,0.0
9606,1.0
7196,0.0
6319,0.0
11431,0.0
3166,1.0
6740,0.0
16904,1.0
6198,1.0
1406,0.0
3528,0.0
11571,0.0
17811,1.0
1658,0.0
10400,0.0
11824,0.0
6831,0.0
10938,0.0
2440,2.0
13393,1.0
16144,1.0
9621,0.0
3141,0.0
13593,0.0
15446,0.0
8100,0.0
8694,1.0
7151,0.0
4496,1.0
8408,0.0
15952,1.0
15580,2.0
6221,2.0
4642,0.0
14545,0.0
9587,1.0
7919,1.0
13384,1.0
3053,0.0
472,0.0
811,0.0
17966,0.0
9770,0.0
11806,0.0
7108,2.0
16491,2.0
8922,0.0
14724,1.0
7820,0.0
13196,1.0
1381,1.0
17200,0.0
914,1.0
5891,0.0
14452,0.0
4493,0.0
1822,1.0
4097,0.0
3815,2.0
14397,0.0
262,0.0
10185,2.0
2464,0.0
2725,1.0
10474,0.0
9198,2.0
13354,2.0
12226,0.0
12496,0.0
2718,0.0
4301,0.0
11134,0.0
17653,1.0
11079,0.0
8096,0.0
4721,0.0
6069,0.0
15313,0.0
18179,0.0
10587,0.0
660,0.0
16476,0.0
6013,0.0
3072,0.0
18215,0.0
9294,0.0
12430,0.0
412,1.0
5809,0.0
8808,0.0
4576,0.0
7344,0.0
3965,0.0
12984,0.0
6890,1.0
10645,0.0
8309,0.0
17659,0.0
836,0.0
11692,0.0
14575,0.0
11586,1.0
9052,0.0
2932,1.0
14215,0.0
18536,0.0
14795,0.0
12215,0.0
8179,0.0
12194,0.0
12186,0.0
11594,0.0
3346,0.0
18155,0.0
12908,0.0
4960,0.0
12046,0.0
2832,2.0
6907,0.0
14713,0.0
12087,2.0
10809,0.0
6754,0.0
14182,0.0
13742,1.0
7178,0.0
2139,0.0
7278,0.0
10398,0.0
9681,0.0
12284,1.0
15001,2.0
14164,0.0
17405,0.0
9927,1.0
439,0.0
2731,0.0
9501,0.0
14206,1.0
5196,0.0
18448,0.0
2817,0.0
13615,1.0
11194,1.0
7848,1.0
15143,0.0
12912,0.0
2241,0.0
7740,1.0
7828,1.0
17080,0.0
6054,2.0
8112,0.0
14561,0.0
16244,0.0
794,0.0
4913,0.0
15706,0.0
17636,2.0
2866,2.0
2282,2.0
15141,1.0
225,0.0
14540,1.0
14948,1.0
14715,0.0
2852,0.0
6747,0.0
12050,0.0
10005,0.0
841,1.0
3785,0.0
275,2.0
16392,0.0
8681,0.0
9687,0.0
13803,0.0
343,0.0
13743,0.0
9845,2.0
4076,0.0
656,0.0
6147,1.0
12267,0.0
1262,1.0
7268,1.0
15161,0.0
11400,1.0
4236,0.0
15730,0.0
5112,2.0
9363,0.0
7290,0.0
13660,0.0
2409,1.0
18440,1.0
13239,0.0
12291,0.0
14858,1.0
7330,0.0
17362,0.0
1210,0.0
2878,0.0
4152,0.0
2622,0.0
9462,2.0
15985,1.0
11376,0.0
6567,0.0
13097,0.0
16084,0.0
3456,2.0
4221,0.0
15977,2.0
958,0.0
5405,0.0
3913,0.0
16379,0.0
13728,0.0
13641,0.0
8262,0.0
615,1.0
6640,0.0
15214,0.0
377,0.0
9192,0.0
15390,0.0
2068,0.0
1482,0.0
14888,0.0
17378,0.0
14406,0.0
11336,0.0
3201,0.0
715,0.0
1582,0.0
18117,0.0
4566,0.0
1044,0.0
4227,1.0
3092,0.0
1762,1.0
9289,0.0
2099,0.0
7603,0.0
13147,0.0
16953,0.0
15346,0.0
971,0.0
9580,1.0
5564,0.0
2082,2.0
2197,0.0
6390,0.0
1211,1.0
12069,0.0
4933,0.0
9774,1.0
1126,0.0
5419,0.0
9953,0.0
2723,1.0
9234,1.0
13564,0.0
12336,0.0
6067,0.0
5702,1.0
9312,0.0
11037,2.0
16609,0.0
2458,1.0
8762,0.0
9494,1.0
11718,2.0
11730,1.0
16316,0.0
3000,1.0
17130,1.0
3341,0.0
16464,0.0
6595,1.0
15941,0.0
8832,1.0
10404,0.0
961,0.0
11042,0.0
2117,0.0
10829,0.0
16807,1.0
6440,1.0
3345,0.0
3131,0.0
14108,0.0
7970,0.0
10516,1.0
6074,2.0
5949,0.0
17196,0.0
9525,1.0
12612,1.0
10892,0.0
9792,2.0
789,2.0
702,0.0
9626,0.0
13971,0.0
15875,1.0
12506,0.0
11813,0.0
11084,0.0
2827,0.0
10693,0.0
3988,1.0
4423,1.0
18482,0.0
11298,0.0
8714,0.0
10755,1.0
4125,0.0
9722,1.0
5954,0.0
2784,2.0
6885,2.0
17139,0.0
12537,0.0
7676,2.0
8026,0.0
3042,0.0
3831,0.0
1839,0.0
3946,2.0
1892,0.0
12675,1.0
4856,1.0
10957,0.0
3919,0.0
15479,0.0
17701,1.0
18232,0.0
242,0.0
17890,1.0
10426,0.0
14682,0.0
10844,1.0
3199,0.0
2734,0.0
10658,0.0
11696,2.0
10379,0.0
9906,1.0
18220,0.0
4034,0.0
6652,1.0
4936,0.0
12533,0.0
636,1.0
9897,0.0
5061,0.0
580,1.0
16677,0.0
3396,1.0
3823,0.0
12097,0.0
12073,0.0
18355,0.0
11637,0.0
9907,0.0
3339,0.0
11328,2.0
1768,1.0
8259,1.0
17633,2.0
17315,0.0
1072,2.0
14996,2.0
13779,0.0
17142,0.0
57,1.0
6083,0.0
10715,1.0
2535,0.0
16521,1.0
11330,0.0
5214,2.0
13623,0.0
12745,1.0
8609,1.0
12657,0.0
11359,1.0
2648,1.0
15831,0.0
6686,0.0
2335,0.0
5976,0.0
5888,0.0
266,0.0
11791,2.0
7119,1.0
16814,1.0
8234,1.0
11790,0.0
4394,1.0
89,0.0
13989,0.0
10703,0.0
3133,0.0
16433,1.0
5458,0.0
7483,0.0
9992,0.0
2557,0.0
2284,0.0
2943,0.0
13499,1.0
5522,1.0
16408,0.0
2631,0.0
2787,1.0
15408,0.0
1873,2.0
14716,0.0
1659,0.0
9329,1.0
13170,0.0
2437,0.0
12256,0.0
1136,0.0
6266,1.0
5593,1.0
5473,0.0
9800,0.0
7956,0.0
2711,0.0
10598,0.0
15862,1.0
2649,0.0
1959,0.0
17714,0.0
10884,0.0
4245,0.0
15433,0.0
10975,0.0
14134,0.0
998,0.0
251,0.0
4794,0.0
12992,0.0
14229,0.0
4351,0.0
6474,1.0
11552,0.0
14775,0.0
6866,1.0
2174,0.0
6936,1.0
6765,0.0
9601,0.0
9531,1.0
4468,0.0
11001,0.0
6038,0.0
17671,0.0
9059,0.0
10724,0.0
8400,0.0
2929,0.0
18323,2.0
1595,0.0
4105,0.0
1952,0.0
11442,0.0
8381,0.0
7950,0.0
15693,0.0
15387,0.0
3286,0.0
14031,0.0
14358,0.0
2666,0.0
11953,2.0
10592,0.0
11581,0.0
6212,0.0
16048,1.0
6751,0.0
4368,2.0
7122,0.0
13458,1.0
6618,0.0
839,1.0
16438,0.0
3023,1.0
17330,0.0
8470,0.0
18288,0.0
3255,0.0
7540,0.0
8647,0.0
4745,1.0
552,1.0
1583,1.0
9010,1.0
17935,1.0
7213,0.0
3100,0.0
15631,0.0
6900,0.0
14356,0.0
5122,0.0
12158,0.0
2798,0.0
7629,0.0
2157,1.0
8152,1.0
9788,0.0
11124,0.0
3535,2.0
15055,0.0
18271,0.0
5510,1.0
9620,2.0
16507,1.0
6790,1.0
626,0.0
4569,1.0
7040,0.0
6228,0.0
18119,0.0
15807,0.0
16771,0.0
15804,0.0
16774,1.0
4143,0.0
4196,1.0
4386,1.0
10989,0.0
1342,0.0
18210,0.0
16180,0.0
13725,0.0
10866,1.0
10199,0.0
3718,2.0
16261,0.0
14232,0.0
16210,0.0
2500,2.0
13993,0.0
7118,1.0
6065,0.0
11618,0.0
12510,0.0
4703,2.0
16366,0.0
4159,0.0
188,0.0
1745,1.0
14004,2.0
6898,1.0
8323,0.0
14167,0.0
5491,0.0
1806,0.0
11517,1.0
17386,0.0
15806,1.0
61,1.0
3719,0.0
14141,1.0
16409,0.0
12177,1.0
15789,0.0
54,0.0
8839,0.0
5551,1.0
15160,1.0
12567,2.0
480,0.0
8341,0.0
2209,0.0
4416,0.0
16866,1.0
9277,2.0
12122,0.0
1578,0.0
453,0.0
10435,0.0
12175,0.0
6280,0.0
8031,1.0
18520,0.0
18030,0.0
18001,0.0
15649,0.0
16800,0.0
200,2.0
1242,0.0
10784,2.0
2804,0.0
10228,0.0
693,1.0
4643,0.0
4588,1.0
18037,0.0
3706,2.0
1269,0.0
12999,1.0
14605,2.0
3025,0.0
5129,1.0
13730,0.0
16864,0.0
5226,1.0
11612,0.0
13492,1.0
1251,0.0
11410,1.0
605,0.0
11034,0.0
10932,1.0
10060,0.0
5504,2.0
16406,0.0
691,0.0
10769,0.0
14902,1.0
7326,0.0
4290,0.0
3465,0.0
11713,0.0
13062,1.0
13381,0.0
10686,1.0
1752,0.0
10831,0.0
7602,1.0
5558,0.0
4205,0.0
4469,0.0
11593,0.0
7180,1.0
5046,1.0
3138,0.0
13052,0.0
11546,2.0
12597,1.0
638,1.0
17095,0.0
2103,1.0
10979,1.0
16797,1.0
17874,1.0
15517,1.0
3707,0.0
10514,0.0
14972,0.0
10617,0.0
13684,0.0
926,0.0
4817,2.0
4690,0.0
2008,0.0
81,0.0
11687,0.0
10305,0.0
12514,0.0
293,1.0
10212,0.0
5927,0.0
15911,0.0
5424,1.0
8298,1.0
881,0.0
452,1.0
3956,1.0
10746,0.0
5738,0.0
15113,0.0
10268,0.0
1672,0.0
14655,1.0
4591,0.0
15458,0.0
6195,2.0
234,1.0
14567,0.0
3212,1.0
8513,0.0
12746,0.0
3716,0.0
4441,0.0
12966,1.0
1872,0.0
1854,0.0
3348,0.0
18353,0.0
12055,0.0
8079,1.0
3820,0.0
15965,0.0
5355,2.0
4689,0.0
1644,1.0
16577,2.0
9352,1.0
11121,0.0
969,0.0
8094,0.0
12832,0.0
8651,0.0
11617,0.0
1207,0.0
4024,0.0
14801,1.0
1735,0.0
4144,1.0
8222,0.0
5490,0.0
17537,0.0
4813,0.0
1193,1.0
5152,0.0
16629,0.0
4842,0.0
5683,1.0
13447,2.0
13179,0.0
1577,1.0
7542,0.0
4340,0.0
1692,0.0
10801,0.0
8755,1.0
5232,2.0
496,0.0
13177,0.0
16598,0.0
13912,1.0
11152,0.0
11616,0.0
10576,0.0
3748,0.0
13658,0.0
15082,0.0
3451,0.0
17677,0.0
13700,1.0
13294,0.0
8748,0.0
400,1.0
3403,2.0
7311,0.0
9966,0.0
1172,0.0
17703,1.0
272,0.0
7618,0.0
15031,0.0
3275,1.0
7534,0.0
778,0.0
9492,1.0
14949,0.0
12178,1.0
2300,0.0
6571,0.0
17389,1.0
16256,1.0
11168,0.0
13741,1.0
4058,1.0
9495,0.0
1695,0.0
13069,0.0
9437,1.0
17027,2.0
13516,0.0
7232,0.0
18325,2.0
9476,0.0
12801,0.0
12752,0.0
10838,2.0
16291,0.0
17450,0.0
2259,0.0
9542,1.0
18419,2.0
7337,0.0
748,0.0
8104,2.0
1299,0.0
8676,0.0
9898,0.0
2017,1.0
12304,2.0
604,1.0
2966,0.0
3161,0.0
17525,1.0
9500,0.0
15300,0.0
575,1.0
1707,0.0
5714,0.0
5116,0.0
4711,0.0
2125,1.0
9602,1.0
14024,0.0
5633,1.0
8296,0.0
14538,0.0
16204,2.0
7669,0.0
10787,0.0
10238,0.0
18412,0.0
3717,2.0
10132,1.0
6521,0.0
10472,0.0
5666,0.0
15565,0.0
3210,0.0
16024,1.0
10120,1.0
18428,0.0
10923,1.0
17166,0.0
17004,0.0
13763,0.0
8227,1.0
5772,0.0
12575,0.0
498,2.0
4123,1.0
6971,0.0
6014,1.0
10544,0.0
4108,2.0
1537,0.0
17175,0.0
15638,0.0
12233,0.0
13606,0.0
6058,0.0
119,1.0
18550,0.0
18095,0.0
3543,0.0
5449,0.0
7216,2.0
5246,0.0
4271,1.0
18377,1.0
2773,1.0
18287,0.0
9270,1.0
8307,1.0
8535,2.0
13632,0.0
14940,1.0
5037,1.0
9376,0.0
4986,0.0
4117,1.0
7241,0.0
11748,0.0
1020,0.0
17108,1.0
5218,0.0
11110,0.0
10527,0.0
678,0.0
17017,2.0
2518,1.0
10911,0.0
8389,0.0
8811,0.0
5872,0.0
14672,0.0
15028,1.0
6894,1.0
17103,0.0
11005,0.0
7733,1.0
12690,1.0
3406,0.0
1159,0.0
1047,0.0
10065,1.0
4333,0.0
4630,0.0
11671,0.0
7446,0.0
12709,0.0
10816,0.0
14526,0.0
9631,2.0
3839,1.0
4740,1.0
14746,0.0
16704,0.0
3349,0.0
8065,0.0
15869,0.0
2918,0.0
16703,0.0
8419,0.0
8473,1.0
18305,0.0
179,0.0
3667,2.0
7391,0.0
14578,1.0
17669,0.0
13094,1.0
12707,0.0
14869,0.0
15615,0.0
17919,1.0
6532,0.0
5860,1.0
2342,0.0
2396,0.0
17091,2.0
1882,1.0
8000,1.0
10181,1.0
2000,0.0
152,0.0
15851,0.0
18524,1.0
16037,1.0
14846,0.0
5157,0.0
16497,2.0
13045,0.0
450,0.0
13037,0.0
14082,2.0
17948,2.0
15822,0.0
2381,1.0
10252,0.0
9996,2.0
13230,0.0
14843,0.0
12493,0.0
14758,0.0
12308,0.0
2993,1.0
17169,0.0
8638,0.0
4572,0.0
13860,1.0
8514,2.0
2269,0.0
17068,0.0
14053,0.0
5603,0.0
5497,2.0
13553,0.0
10421,0.0
16174,0.0
1132,0.0
7006,0.0
3432,1.0
1171,1.0
14635,0.0
8554,1.0
16039,0.0
3192,0.0
10739,1.0
11219,0.0
17873,1.0
17993,0.0
13596,1.0
10873,0.0
9144,1.0
17917,1.0
15248,1.0
3826,0.0
17835,1.0
6321,1.0
12139,0.0
6984,0.0
1226,0.0
11127,1.0
3174,0.0
13040,0.0
1805,0.0
2903,2.0
10750,2.0
11732,1.0
11635,0.0
3769,0.0
334,0.0
9079,0.0
16427,0.0
4816,1.0
4211,1.0
2292,0.0
4962,0.0
17606,0.0
6744,1.0
6657,0.0
2724,0.0
7385,2.0
15355,1.0
15705,0.0
17573,2.0
338,1.0
16821,0.0
13259,0.0
120,0.0
8074,0.0
13171,1.0
17229,0.0
15252,0.0
10229,0.0
11582,1.0
14922,0.0
17599,1.0
12524,0.0
13984,1.0
11499,0.0
14731,1.0
3104,0.0
4634,0.0
3257,0.0
11411,1.0
7861,0.0
4308,0.0
1457,0.0
11435,1.0
7685,0.0
13986,0.0
9089,0.0
17426,0.0
5495,0.0
2354,0.0
9581,0.0
12393,1.0
1495,0.0
1530,0.0
7794,1.0
17672,0.0
17077,1.0
3248,0.0
5887,0.0
5255,0.0
4876,0.0
2925,1.0
6800,2.0
2375,1.0
12402,0.0
13544,0.0
364,0.0
11845,2.0
8351,0.0
284,0.0
2956,0.0
6289,0.0
8918,0.0
12473,2.0
4314,0.0
4598,2.0
12944,0.0
10272,0.0
6689,0.0
6116,1.0
17973,0.0
17041,1.0
11119,1.0
10897,2.0
11661,0.0
13443,0.0
5895,0.0
9488,0.0
13,0.0
14355,0.0
2607,0.0
5509,0.0
5985,0.0
5818,1.0
11919,0.0
11051,1.0
8034,1.0
14319,0.0
14284,0.0
18050,1.0
9358,0.0
9078,2.0
8409,0.0
4139,0.0
7980,1.0
13713,1.0
7606,1.0
9726,0.0
9824,0.0
9645,0.0
10464,0.0
7660,0.0
1996,0.0
11557,1.0
6169,0.0
13495,1.0
4863,0.0
6350,1.0
7263,0.0
10593,0.0
16214,0.0
1671,0.0
6106,0.0
14737,2.0
13254,1.0
12743,0.0
9866,0.0
8816,0.0
12568,0.0
3340,0.0
14095,0.0
10882,1.0
15185,0.0
13594,0.0
8654,1.0
12478,1.0
6317,1.0
16170,0.0
1401,1.0
5614,1.0
4052,2.0
18380,0.0
18191,2.0
17776,0.0
17625,0.0
14989,0.0
9808,2.0
11698,0.0
8390,1.0
17836,1.0
1625,0.0
10841,1.0
1258,1.0
15242,0.0
18254,0.0
11477,0.0
2141,1.0
17110,1.0
18115,2.0
306,1.0
7882,0.0
2057,0.0
3299,0.0
13128,0.0
15439,2.0
1310,0.0
929,0.0
4750,2.0
15558,0.0
12107,0.0
15547,0.0
430,1.0
12605,0.0
943,0.0
17288,0.0
13955,0.0
9327,0.0
16352,2.0
5997,0.0
11401,1.0
9616,0.0
2997,2.0
3386,1.0
16124,0.0
15034,0.0
9214,1.0
16314,1.0
14321,0.0
13901,0.0
1214,1.0
12095,0.0
6463,1.0
7157,0.0
17283,1.0
2015,0.0
2807,0.0
8618,0.0
5444,0.0
15211,0.0
4657,1.0
788,1.0
13112,0.0
2940,0.0
9936,1.0
8663,0.0
9163,0.0
18409,2.0
2571,0.0
4274,2.0
17470,1.0
12372,0.0
2144,0.0
9664,1.0
18537,0.0
6414,0.0
17153,0.0
12722,0.0
14705,0.0
16748,0.0
12407,1.0
8489,0.0
5312,0.0
6583,0.0
2963,2.0
3160,1.0
13220,1.0
6020,1.0
2431,0.0
15988,0.0
7564,1.0
13028,0.0
9882,0.0
12494,0.0
18443,1.0
9226,1.0
8137,0.0
16504,0.0
11620,0.0
6051,1.0
4090,0.0
13205,2.0
12317,0.0
2305,1.0
9912,0.0
15791,0.0
9146,0.0
6962,1.0
515,0.0
4624,1.0
13307,1.0
13533,0.0
11483,0.0
17656,0.0
16188,0.0
4800,0.0
7850,1.0
8696,0.0
651,0.0
14352,0.0
3755,0.0
3690,1.0
12625,0.0
7834,0.0
8841,1.0
7851,2.0
4004,1.0
5669,1.0
12198,0.0
17078,0.0
15010,0.0
4849,0.0
6783,0.0
6237,0.0
18195,0.0
11250,0.0
9022,0.0
2879,0.0
10016,0.0
18139,2.0
4345,0.0
6577,1.0
4169,1.0
2066,0.0
15064,0.0
3517,0.0
2460,0.0
9539,0.0
15996,1.0
2123,1.0
15017,2.0
9183,1.0
8838,1.0
558,1.0
8597,1.0
9929,0.0
5296,0.0
9425,2.0
4717,1.0
6344,0.0
5114,0.0
16605,0.0
14975,1.0
7556,0.0
16789,0.0
9537,0.0
14260,0.0
9524,0.0
17429,0.0
10723,1.0
1876,0.0
16734,0.0
680,0.0
10818,0.0
15215,1.0
9122,0.0
10177,2.0
5546,0.0
11237,1.0
3379,2.0
13031,1.0
15741,0.0
12922,0.0
12647,0.0
3469,0.0
2287,0.0
7441,0.0
10020,0.0
6380,0.0
5794,1.0
16910,0.0
10533,0.0
3122,0.0
14158,0.0
8950,1.0
6884,0.0
2884,0.0
4811,0.0
2525,0.0
10574,1.0
14872,1.0
13590,1.0
10760,0.0
6999,0.0
12504,1.0
17454,0.0
11284,0.0
4548,0.0
9345,0.0
4259,0.0
10630,0.0
11497,1.0
2626,0.0
1503,0.0
1257,0.0
1759,0.0
2281,1.0
13682,0.0
9794,1.0
3720,0.0
9573,0.0
7221,0.0
9756,0.0
16300,0.0
3153,2.0
13611,2.0
3889,0.0
7018,0.0
6882,0.0
10364,0.0
2786,0.0
11754,2.0
449,0.0
2642,0.0
1054,1.0
12446,1.0
17910,0.0
10448,2.0
18404,0.0
11496,1.0
397,1.0
8810,1.0
9973,0.0
2730,0.0
14067,0.0
18217,0.0
9045,2.0
11962,0.0
3544,1.0
11624,0.0
5171,0.0
14769,1.0
4096,0.0
15551,0.0
980,0.0
11947,0.0
7201,2.0
1856,0.0
7206,0.0
5472,0.0
4372,1.0
4906,1.0
5958,0.0
6491,2.0
17493,0.0
11024,0.0
8213,1.0
6843,0.0
11712,1.0
4297,0.0
13841,0.0
10396,0.0
8984,2.0
5569,2.0
17234,0.0
946,0.0
13053,0.0
10357,0.0
3595,0.0
12968,0.0
11125,0.0
14568,2.0
5423,2.0
8023,0.0
12584,0.0
7619,0.0
17180,0.0
4424,0.0
9273,0.0
10662,0.0
11797,0.0
3692,2.0
1565,1.0
6326,0.0
17356,0.0
16969,0.0
7480,0.0
12434,0.0
6201,0.0
15265,1.0
7493,1.0
2406,2.0
3468,1.0
2370,0.0
9862,1.0
15893,0.0
6192,1.0
10903,0.0
9511,0.0
7743,0.0
17524,0.0
1842,1.0
10758,1.0
17133,0.0
9073,0.0
7736,1.0
7422,0.0
14015,1.0
11278,0.0
7511,0.0
4348,0.0
15576,0.0
9031,0.0
9498,1.0
9885,1.0
12765,0.0
5650,0.0
988,0.0
17028,0.0
14867,1.0
15499,1.0
6854,0.0
14760,0.0
1194,1.0
223,0.0
17818,0.0
4880,0.0
16738,0.0
15315,0.0
8495,0.0
8442,1.0
7352,0.0
5209,0.0
8997,1.0
9150,0.0
6589,2.0
3741,2.0
4464,0.0
6946,0.0
15100,1.0
8369,1.0
10756,0.0
4276,0.0
4309,0.0
9008,0.0
9647,0.0
14958,0.0
14390,1.0
13382,2.0
3004,0.0
16040,1.0
14970,2.0
4673,0.0
15589,0.0
5265,0.0
10202,1.0
15456,2.0
16376,0.0
18150,0.0
3904,1.0
4825,0.0
2405,0.0
5573,1.0
11877,0.0
10860,0.0
13732,0.0
3647,0.0
869,0.0
4288,0.0
15401,0.0
766,0.0
3548,1.0
13414,0.0
7585,1.0
5448,0.0
6018,0.0
13331,0.0
18451,0.0
13371,2.0
18029,1.0
2274,0.0
13399,0.0
8862,0.0
12005,1.0
11527,2.0
3674,2.0
11197,0.0
2824,0.0
7369,1.0
4865,0.0
12596,0.0
5828,0.0
11472,0.0
3480,0.0
199,0.0
9737,1.0
18484,1.0
17627,0.0
1421,2.0
9302,0.0
9925,0.0
11766,0.0
5742,0.0
1337,0.0
9475,0.0
15199,0.0
13178,0.0
10518,0.0
6688,1.0
18399,2.0
8253,0.0
3782,1.0
11746,1.0
17498,1.0
16581,0.0
3228,0.0
2736,0.0
7210,0.0
15712,0.0
1379,0.0
3234,1.0
5359,2.0
9217,0.0
184,1.0
11419,0.0
5866,1.0
8830,0.0
5871,1.0
16673,0.0
16557,0.0
11096,0.0
11348,1.0
13468,0.0
12897,0.0
14516,1.0
8072,1.0
4013,0.0
11823,0.0
1771,2.0
4781,0.0
4785,1.0
11245,0.0
5266,0.0
13977,0.0
10996,2.0
1814,0.0
9250,1.0
14023,0.0
4966,0.0
9932,0.0
5207,1.0
14985,1.0
8049,0.0
238,0.0
2823,0.0
12289,0.0
16890,0.0
15445,0.0
11907,0.0
1740,0.0
3727,2.0
6341,1.0
10445,0.0
4180,0.0
5014,0.0
4116,0.0
9453,0.0
17937,0.0
16616,0.0
12564,1.0
16426,2.0
11534,1.0
13427,0.0
8593,0.0
7804,0.0
12029,0.0
11340,0.0
14863,0.0
14441,1.0
12714,1.0
8968,0.0
4941,1.0
1572,0.0
3974,0.0
11772,2.0
14391,0.0
1988,1.0
14618,0.0
12241,1.0
9402,1.0
6185,0.0
6127,0.0
16178,0.0
18161,0.0
7424,0.0
11105,0.0
5641,2.0
10411,1.0
413,1.0
3215,0.0
17267,0.0
6099,0.0
1534,0.0
13631,0.0
10361,0.0
13959,0.0
408,0.0
17375,0.0
10994,0.0
3454,0.0
9875,0.0
17538,2.0
1501,1.0
5521,0.0
16305,0.0
13935,0.0
1570,1.0
11157,0.0
17783,0.0
16121,0.0
1218,0.0
15598,0.0
2653,0.0
13267,0.0
11853,1.0
17182,1.0
5874,0.0
3136,2.0
7435,2.0
9775,0.0
10624,0.0
12942,0.0
7099,0.0
17010,0.0
10182,0.0
15986,2.0
18373,1.0
10833,1.0
9367,0.0
1714,0.0
6675,0.0
17531,0.0
4167,0.0
8625,1.0
5665,0.0
17300,0.0
12941,2.0
4200,1.0
1858,1.0
13276,0.0
15835,0.0
16118,0.0
1357,1.0
16912,0.0
17812,0.0
16844,0.0
10074,1.0
15238,0.0
6732,0.0
18298,0.0
9837,1.0
12159,1.0
11924,0.0
11926,0.0
8295,0.0
18108,0.0
17151,0.0
5168,0.0
104,2.0
9246,0.0
17642,1.0
16756,0.0
5113,0.0
3859,1.0
13947,2.0
6206,0.0
9385,1.0
6084,1.0
3047,0.0
4363,0.0
5476,2.0
15915,0.0
2859,1.0
2055,0.0
13235,0.0
12475,0.0
10430,0.0
8875,1.0
2684,0.0
11963,0.0
10382,0.0
17934,0.0
780,1.0
11640,0.0
10805,0.0
7211,0.0
1451,0.0
13295,1.0
302,1.0
3118,0.0
9727,0.0
4523,0.0
8122,0.0
8469,0.0
1324,0.0
17127,0.0
14043,0.0
991,0.0
16269,0.0
1418,1.0
2308,2.0
12969,1.0
2177,1.0
13908,0.0
5658,2.0
7243,0.0
9637,0.0
9654,2.0
16396,0.0
1620,1.0
14588,0.0
6534,0.0
5837,0.0
12414,1.0
17171,0.0
7319,1.0
16131,0.0
11964,2.0
10577,0.0
18507,0.0
16841,0.0
4631,0.0
6839,1.0
16370,1.0
11697,0.0
1718,1.0
3793,0.0
9400,0.0
18055,0.0
4835,0.0
11293,0.0
12272,1.0
10137,1.0
16888,0.0
11260,2.0
13462,0.0
14947,0.0
5679,0.0
16537,0.0
17203,0.0
15924,0.0
4177,2.0
9636,0.0
4249,0.0
2444,0.0
17338,2.0
6742,0.0
12283,1.0
18270,1.0
16201,0.0
373,2.0
159,2.0
16360,0.0
12221,0.0
3054,0.0
10962,1.0
11775,2.0
9070,0.0
13559,0.0
11210,0.0
3057,0.0
4437,0.0
3445,1.0
1674,1.0
17313,0.0
5894,0.0
7989,0.0
8119,2.0
6561,2.0
1902,1.0
1936,0.0
16495,0.0
6362,1.0
9187,0.0
10346,1.0
1438,1.0
13517,0.0
10961,0.0
18048,1.0
7396,0.0
7123,2.0
12199,0.0
9641,1.0
2756,1.0
10830,0.0
2306,0.0
4044,0.0
2592,2.0
5478,0.0
18063,0.0
9803,0.0
11653,0.0
7672,0.0
4503,0.0
18530,0.0
2980,0.0
17273,1.0
11786,0.0
1742,0.0
549,0.0
18204,1.0
7464,1.0
18168,1.0
12370,0.0
4836,2.0
14079,1.0
14353,0.0
10110,2.0
7373,1.0
6995,2.0
16995,0.0
6546,0.0
17965,0.0
9109,1.0
17989,0.0
6514,1.0
3636,0.0
6459,0.0
1547,0.0
8777,0.0
9969,0.0
14280,0.0
5880,0.0
13866,0.0
17443,2.0
14217,0.0
15217,0.0
14239,0.0
2312,1.0
11205,1.0
4032,0.0
16916,2.0
2768,0.0
2615,2.0
9838,0.0
5213,0.0
8719,0.0
14892,0.0
10220,0.0
14764,2.0
14936,0.0
5343,0.0
6398,0.0
4904,2.0
989,1.0
10374,0.0
10636,0.0
17213,1.0
7578,0.0
13756,2.0
2424,0.0
5147,1.0
447,0.0
8569,0.0
11145,2.0
6373,0.0
8095,0.0
7287,0.0
17842,0.0
9962,0.0
4132,0.0
16189,0.0
15334,0.0
12759,0.0
11795,0.0
5274,1.0
1523,0.0
14827,1.0
4754,0.0
10580,0.0
9944,1.0
14044,1.0
5138,1.0
11759,0.0
391,0.0
9964,0.0
18400,1.0
3320,0.0
15626,1.0
11189,2.0
12712,0.0
13189,0.0
14439,2.0
8735,0.0
4839,1.0
292,0.0
16661,0.0
8008,0.0
14075,0.0
13504,0.0
5135,1.0
16906,2.0
10294,2.0
10353,0.0
10032,1.0
13572,0.0
17410,2.0
7368,0.0
15287,0.0
856,1.0
16637,0.0
9949,1.0
14728,0.0
2952,0.0
734,0.0
2001,0.0
740,1.0
16355,1.0
15686,1.0
8786,0.0
15122,1.0
1798,1.0
6164,0.0
6833,0.0
17555,1.0
8802,1.0
12219,0.0
11608,1.0
11842,0.0
14837,1.0
1184,0.0
12321,0.0
15899,0.0
15474,1.0
13490,0.0
2268,1.0
17663,2.0
13278,0.0
5288,0.0
14993,2.0
8316,0.0
17976,0.0
13506,0.0
9249,0.0
2392,0.0
2439,0.0
9196,2.0
1907,0.0
16077,1.0
6024,0.0
16378,0.0
14805,0.0
1566,0.0
3395,0.0
9643,0.0
15766,0.0
6129,0.0
16200,1.0
11329,0.0
6818,1.0
6293,0.0
9650,1.0
7224,0.0
8803,0.0
569,0.0
8626,0.0
3560,0.0
4929,1.0
10071,0.0
8613,0.0
6357,0.0
4237,0.0
2498,0.0
12663,1.0
10221,0.0
684,2.0
18134,0.0
4967,0.0
4480,1.0
9850,0.0
885,0.0
16607,0.0
17809,0.0
8572,0.0
2064,0.0
4275,0.0
8682,0.0
4715,0.0
15905,1.0
17779,0.0
4077,0.0
4886,1.0
3851,2.0
8765,1.0
17995,0.0
11826,0.0
321,1.0
379,0.0
12468,0.0
2388,2.0
1470,1.0
4819,2.0
9132,0.0
12959,2.0
12652,0.0
6585,2.0
8908,0.0
18466,0.0
9483,1.0
15562,0.0
16667,0.0
6772,0.0
5836,2.0
16155,0.0
2192,0.0
5347,0.0
10458,2.0
16733,0.0
15420,2.0
1399,2.0
13004,0.0
3343,0.0
13981,0.0
12539,0.0
8717,0.0
15108,0.0
15178,0.0
4085,1.0
10839,0.0
3431,1.0
2793,0.0
11936,0.0
18099,0.0
1143,0.0
4209,2.0
9787,1.0
5709,0.0
11925,0.0
12127,0.0
2251,0.0
11407,0.0
3417,0.0
10171,1.0
8759,0.0
9221,1.0
2722,1.0
8215,0.0
18075,1.0
3388,0.0
2304,0.0
10437,2.0
10203,0.0
15914,0.0
16000,0.0
6994,0.0
18300,0.0
18426,0.0
16143,0.0
9888,1.0
6166,1.0
6351,0.0
16766,1.0
6283,2.0
17421,1.0
2606,0.0
18036,0.0
4273,1.0
11827,0.0
6842,0.0
6355,0.0
5456,1.0
5632,0.0
2320,0.0
10008,0.0
4035,1.0
17576,0.0
12319,0.0
13390,2.0
4397,0.0
13216,1.0
18098,0.0
5876,0.0
13647,1.0
16952,0.0
4299,0.0
10031,1.0
1568,0.0
11310,0.0
17601,1.0
16902,0.0
14479,0.0
13232,1.0
6897,2.0
5562,2.0
9393,0.0
5314,0.0
6023,1.0
18253,1.0
5028,1.0
18415,1.0
5367,0.0
13269,2.0
8025,0.0
15047,2.0
16669,2.0
16073,0.0
12844,0.0
14601,0.0
14434,0.0
18474,0.0
13042,0.0
17988,0.0
17194,0.0
3998,0.0
5457,2.0
9199,0.0
10050,1.0
15830,2.0
17739,1.0
3943,1.0
13144,1.0
9804,2.0
14357,0.0
17928,1.0
1991,1.0
17371,1.0
16054,2.0
12856,0.0
1274,1.0
5329,1.0
9506,0.0
16812,0.0
3507,0.0
10545,1.0
2298,1.0
2783,0.0
1548,2.0
18226,0.0
4231,1.0
6837,0.0
15360,0.0
17009,0.0
16451,0.0
18319,0.0
13815,2.0
2340,2.0
4319,0.0
11025,0.0
6805,1.0
11172,0.0
7020,2.0
16939,1.0
18542,0.0
2854,1.0
14501,0.0
13581,1.0
13007,0.0
698,0.0
14608,0.0
7675,1.0
10293,0.0
3615,2.0
18370,0.0
2713,0.0
6220,2.0
17211,0.0
8292,1.0
3506,0.0
11304,0.0
15325,1.0
4675,2.0
13844,0.0
3409,1.0
10340,0.0
16922,0.0
14299,0.0
13044,1.0
4743,0.0
3642,0.0
2433,0.0
17032,1.0
2839,0.0
3807,0.0
12662,0.0
10158,1.0
3444,0.0
2565,1.0
6859,0.0
6305,0.0
8774,0.0
2926,2.0
15249,0.0
5663,1.0
3530,1.0
1134,2.0
239,1.0
15089,2.0
10141,0.0
4186,0.0
1235,1.0
17721,0.0
7194,0.0
13168,0.0
4328,1.0
9923,0.0
12394,1.0
5873,0.0
4287,1.0
13013,0.0
16112,0.0
8092,0.0
3420,0.0
17821,1.0
15102,2.0
7755,0.0
17059,2.0
15989,0.0
8258,0.0
11315,0.0
11710,0.0
1070,0.0
6607,1.0
9867,0.0
17183,0.0
6569,0.0
4693,0.0
2876,1.0
9107,0.0
5618,0.0
1415,1.0
8132,1.0
6838,0.0
17430,1.0
3142,0.0
8974,0.0
5254,0.0
15585,0.0
1712,1.0
10737,0.0
796,2.0
7930,0.0
10299,0.0
15284,2.0
13182,0.0
3594,1.0
9424,0.0
11317,1.0
16363,1.0
299,0.0
1684,0.0
9848,0.0
15729,1.0
3308,1.0
7501,1.0
11761,0.0
16081,0.0
7648,0.0
11693,0.0
11047,0.0
17960,2.0
13666,0.0
5849,1.0
1142,0.0
2092,0.0
1015,0.0
1704,1.0
14979,0.0
10479,0.0
1222,2.0
10619,0.0
6318,1.0
16831,0.0
8273,1.0
866,1.0
17287,0.0
7654,1.0
348,1.0
17174,0.0
10173,0.0
12103,0.0
16824,1.0
10500,0.0
1423,0.0
11003,0.0
1162,0.0
6120,0.0
13339,0.0
17730,0.0
16311,1.0
1852,0.0
15694,0.0
381,1.0
17879,2.0
6287,0.0
16901,0.0
13018,2.0
5956,1.0
17360,0.0
13438,0.0
5853,0.0
9470,1.0
7897,0.0
14906,0.0
2727,0.0
15426,1.0
6541,1.0
16590,0.0
8431,0.0
15232,1.0
747,0.0
4725,2.0
13165,0.0
9021,0.0
5326,2.0
1282,0.0
1504,0.0
7291,0.0
17476,0.0
15344,1.0
9894,2.0
13154,0.0
7836,0.0
5539,0.0
8146,0.0
5507,1.0
10854,1.0
5040,0.0
2285,0.0
601,0.0
13507,0.0
8483,0.0
16450,2.0
7528,0.0
14365,0.0
7518,0.0
17102,2.0
12694,2.0
3270,1.0
8864,0.0
12828,0.0
12650,0.0
5587,0.0
11322,1.0
11436,0.0
7974,0.0
3885,1.0
17482,2.0
6122,0.0
8835,0.0
1097,0.0
1380,1.0
9090,0.0
11453,1.0
14707,0.0
17898,0.0
2945,0.0
12281,0.0
17715,0.0
12831,2.0
14060,0.0
18336,2.0
17173,1.0
2680,0.0
18008,0.0
4938,0.0
5353,2.0
15332,0.0
1543,1.0
15728,1.0
8938,0.0
15912,1.0
12686,0.0
17977,1.0
4758,1.0
9172,0.0
15720,1.0
4535,0.0
7140,1.0
17936,1.0
8044,0.0
9104,0.0
16804,0.0
17955,2.0
16199,1.0
5692,2.0
10044,0.0
6504,1.0
6647,0.0
10956,0.0
17065,0.0
7842,1.0
17344,0.0
17535,2.0
17943,0.0
12257,1.0
15343,2.0
17944,0.0
15239,0.0
16718,0.0
13289,0.0
13933,0.0
2524,2.0
1638,0.0
4381,2.0
67,0.0
4266,1.0
9699,0.0
16297,2.0
392,0.0
18365,0.0
16586,0.0
18035,0.0
11369,0.0
14324,0.0
14730,2.0
1754,1.0
15188,0.0
4640,2.0
18184,0.0
3553,1.0
12898,0.0
1997,2.0
11847,0.0
14466,1.0
17927,0.0
5321,0.0
17814,0.0
4438,1.0
6935,0.0
14816,0.0
10015,1.0
2155,0.0
6822,0.0
10759,0.0
9627,2.0
5752,0.0
12939,1.0
15293,1.0
14092,1.0
10553,2.0
3501,1.0
8620,2.0
9139,0.0
1878,0.0
13330,0.0
10966,0.0
3398,1.0
12048,1.0
9182,0.0
9235,1.0
905,1.0
6218,1.0
492,0.0
6386,0.0
12409,0.0
3043,0.0
2906,0.0
14626,1.0
6036,0.0
10510,0.0
12140,0.0
16948,0.0
11547,2.0
9776,0.0
1680,1.0
17365,2.0
5191,0.0
11742,2.0
13078,2.0
11788,0.0
5021,1.0
8502,0.0
8944,0.0
16977,0.0
6477,0.0
9301,2.0
1472,0.0
1383,1.0
10789,0.0
9954,0.0
6682,1.0
11548,0.0
13193,0.0
13215,1.0
11500,0.0
17536,0.0
1283,0.0
7910,2.0
2688,1.0
15320,0.0
14942,0.0
4352,0.0
6012,1.0
1321,0.0
10573,0.0
13192,1.0
14607,0.0
18209,0.0
371,0.0
14163,0.0
158,0.0
11721,0.0
6310,0.0
12398,0.0
15931,0.0
12390,0.0
11711,1.0
13280,0.0
6365,0.0
10040,1.0
11570,1.0
1509,0.0
9508,0.0
16190,0.0
9750,0.0
88,0.0
11574,0.0
12698,1.0
6918,1.0
8985,1.0
9347,1.0
2670,1.0
14194,1.0
18295,0.0
1616,2.0
2808,0.0
2240,0.0
11950,0.0
13334,0.0
10084,0.0
14718,1.0
10425,0.0
5053,0.0
6820,0.0
4031,0.0
13453,0.0
12131,2.0
17157,0.0
18508,0.0
11027,0.0
3259,0.0
5523,0.0
18291,0.0
8180,0.0
1117,0.0
7609,0.0
3652,1.0
9753,0.0
18071,0.0
8261,2.0
1694,1.0
13058,0.0
7486,1.0
16868,0.0
4879,2.0
9222,0.0
7987,1.0
8665,1.0
8103,0.0
4975,0.0
7614,0.0
18473,0.0
15345,0.0
1028,1.0
8933,1.0
8713,0.0
1148,1.0
300,1.0
13956,0.0
14701,1.0
12997,1.0
2364,0.0
3970,0.0
15953,0.0
5657,2.0
15223,0.0
8537,0.0
17088,1.0
320,2.0
7764,0.0
12655,0.0
9162,1.0
4608,0.0
2977,2.0
129,0.0
4935,1.0
8382,0.0
6797,0.0
15800,0.0
2187,1.0
9193,0.0
16498,2.0
6096,0.0
13480,1.0
5340,2.0
10906,1.0
2041,0.0
15691,0.0
15307,0.0
17695,1.0
11688,0.0
14136,0.0
10198,0.0
3459,2.0
11261,1.0
2170,2.0
1921,0.0
142,2.0
15204,2.0
13825,2.0
17184,0.0
10088,1.0
16531,0.0
1449,0.0
9534,0.0
17042,0.0
3179,0.0
7972,0.0
18049,1.0
15717,0.0
1528,2.0
2205,0.0
6993,0.0
8312,0.0
16046,0.0
3277,0.0
4083,0.0
8199,2.0
9451,0.0
15599,0.0
317,0.0
2732,0.0
2410,0.0
7035,2.0
14361,2.0
8178,1.0
1165,0.0
13206,2.0
13837,0.0
16764,0.0
7393,0.0
6705,0.0
9213,1.0
8064,0.0
4577,2.0
11632,0.0
345,1.0
9666,1.0
8378,0.0
16434,0.0
17337,0.0
15780,0.0
53,0.0
10773,0.0
1948,0.0
13017,0.0
2319,0.0
15539,0.0
630,0.0
6710,0.0
15760,1.0
2567,2.0
16761,0.0
10135,0.0
5358,1.0
4555,2.0
15839,0.0
17664,1.0
12682,0.0
2696,1.0
16638,1.0
7891,0.0
18257,1.0
6902,2.0
11135,0.0
10820,1.0
15857,0.0
5708,0.0
15939,0.0
5396,0.0
4307,0.0
17025,1.0
16025,0.0
9546,0.0
9883,0.0
3784,0.0
2803,0.0
14923,2.0
11709,0.0
3863,0.0
3322,0.0
6137,0.0
1166,0.0
5433,1.0
585,0.0
5416,1.0
3869,1.0
5339,0.0
16065,0.0
15348,0.0
13164,0.0
12780,0.0
17521,0.0
11815,0.0
7251,0.0
7547,0.0
9717,2.0
17608,1.0
11873,0.0
9399,0.0
892,1.0
11729,0.0
13326,0.0
9653,1.0
10489,2.0
6858,1.0
4079,1.0
6603,1.0
13308,1.0
6614,0.0
13172,0.0
11968,0.0
2486,0.0
17244,1.0
5120,0.0
465,2.0
1778,2.0
6951,0.0
17233,0.0
14610,0.0
15660,1.0
2318,0.0
9784,0.0
2010,0.0
17364,0.0
10417,1.0
8374,1.0
8800,2.0
5282,1.0
5422,0.0
484,0.0
270,0.0
14016,1.0
13011,0.0
1131,0.0
5052,0.0
10694,0.0
17268,2.0
12621,0.0
10526,0.0
4148,1.0
1213,0.0
18403,0.0
6575,0.0
12043,0.0
8942,0.0
8245,1.0
3088,0.0
12640,0.0
5913,1.0
3726,0.0
9740,0.0
11856,0.0
503,1.0
6633,1.0
8564,0.0
9487,0.0
768,0.0
10798,1.0
12762,0.0
16063,0.0
10068,0.0
14462,0.0
7769,2.0
1942,0.0
13864,0.0
9023,0.0
6273,0.0
16816,1.0
8142,0.0
2835,0.0
12153,1.0
14395,0.0
13885,1.0
3207,0.0
16925,2.0
12054,1.0
12325,1.0
10614,1.0
6126,0.0
16296,0.0
17564,0.0
4443,0.0
1824,0.0
5393,1.0
2217,0.0
8732,0.0
4391,0.0
2148,1.0
9154,1.0
2516,0.0
840,1.0
3263,1.0
10571,0.0
17342,0.0
5785,0.0
17305,0.0
5172,0.0
196,0.0
5483,0.0
9974,0.0
5310,1.0
16001,0.0
679,1.0
16485,0.0
9054,0.0
11446,1.0
16975,1.0
11155,0.0
16921,0.0
5784,2.0
11599,1.0
13808,2.0
17682,0.0
5609,2.0
15004,1.0
5030,2.0
18449,0.0
17370,2.0
11689,0.0
13460,1.0
18527,1.0
1071,0.0
14536,1.0
444,1.0
17240,2.0
1444,1.0
4903,0.0
8831,0.0
15613,0.0
15681,0.0
15917,0.0
13650,0.0
15137,0.0
15071,1.0
17838,0.0
16197,0.0
11374,0.0
6729,0.0
1678,0.0
13983,0.0
489,1.0
7677,0.0
9002,0.0
4511,1.0
15976,0.0
7573,1.0
14009,0.0
1749,1.0
14680,0.0
17897,0.0
12479,1.0
10638,0.0
8693,0.0
8335,2.0
9836,0.0
213,0.0
207,0.0
8368,0.0
14328,2.0
1803,0.0
3962,0.0
5825,0.0
4676,0.0
7467,0.0
5721,0.0
9589,1.0
5320,2.0
8972,0.0
5417,1.0
4487,0.0
16035,0.0
14132,0.0
16266,0.0
12742,1.0
12998,0.0
8328,0.0
11923,1.0
5371,1.0
15099,0.0
15237,1.0
15134,0.0
6162,2.0
16660,0.0
14687,0.0
8488,2.0
624,1.0
14426,0.0
7855,2.0
12538,1.0
10795,2.0
13979,0.0
6465,0.0
5648,0.0
11932,0.0
9048,2.0
13340,0.0
477,1.0
5989,2.0
13341,0.0
3063,2.0
8427,0.0
4573,0.0
8371,2.0
18203,0.0
14179,0.0
11179,0.0
1107,1.0
4261,0.0
5280,1.0
11386,0.0
8288,1.0
16576,1.0
3857,2.0
16583,0.0
17339,1.0
15194,0.0
10161,0.0
11737,0.0
17252,0.0
17424,1.0
5764,0.0
11686,1.0
17187,1.0
5169,0.0
3760,0.0
16116,0.0
5121,0.0
14038,0.0
17034,0.0
16965,1.0
16946,0.0
3842,0.0
6978,0.0
15292,0.0
14428,0.0
13698,1.0
15951,2.0
7283,0.0
9362,1.0
16942,0.0
13751,0.0
7796,1.0
12090,1.0
10721,1.0
16151,0.0
16089,2.0
15350,0.0
3119,0.0
7503,1.0
15878,0.0
6098,0.0
14995,1.0
8036,0.0
3772,0.0
5304,1.0
6598,0.0
8600,0.0
8947,1.0
4254,0.0
1441,0.0
6448,0.0
16374,0.0
17841,0.0
15895,0.0
13025,0.0
1271,0.0
4285,0.0
18395,0.0
938,2.0
15310,0.0
10601,0.0
11739,0.0
8799,0.0
11306,0.0
9682,1.0
4410,0.0
3035,1.0
12839,1.0
9887,0.0
10320,0.0
7048,1.0
15494,0.0
18463,1.0
8406,0.0
5192,0.0
6516,0.0
5909,1.0
92,0.0
2624,0.0
1434,0.0
68,2.0
10207,1.0
10145,0.0
11694,1.0
7845,0.0
14711,0.0
7600,0.0
14338,0.0
15136,0.0
5910,0.0
15381,2.0
4142,0.0
17310,0.0
14481,0.0
12224,0.0
13578,0.0
17276,0.0
17357,2.0
12718,0.0
14878,1.0
14085,1.0
14169,0.0
1666,0.0
12018,0.0
11352,2.0
16698,0.0
2415,0.0
4429,0.0
9504,2.0
6887,2.0
2220,1.0
5345,2.0
13891,0.0
269,0.0
10783,0.0
18086,0.0
17082,0.0
99,0.0
10529,0.0
505,0.0
9778,1.0
17908,0.0
6523,0.0
11896,1.0
15469,1.0
2383,0.0
2219,1.0
3812,1.0
1681,0.0
2846,0.0
12117,2.0
5295,1.0
9377,0.0
1500,0.0
16192,1.0
15840,0.0
8133,0.0
4323,1.0
9754,1.0
6346,2.0
10709,0.0
14281,1.0
462,1.0
5272,0.0
10814,0.0
9608,0.0
732,0.0
17266,0.0
6712,1.0
7034,0.0
11733,0.0
682,0.0
9040,2.0
260,0.0
18057,0.0
9473,0.0
84,1.0
5039,0.0
1247,0.0
15796,0.0
7912,0.0
2569,0.0
12306,0.0
14311,1.0
6174,0.0
8991,1.0
10080,0.0
3337,1.0
9044,0.0
17170,0.0
5298,0.0
15386,2.0
16550,0.0
992,0.0
15463,0.0
15327,0.0
15067,0.0
6479,0.0
10300,0.0
8480,0.0
5777,0.0
720,1.0
9166,0.0
4678,0.0
14739,1.0
3261,1.0
5115,0.0
10246,0.0
7298,0.0
7697,0.0
2689,0.0
15416,0.0
3902,0.0
10179,0.0
14812,0.0
4120,0.0
9946,0.0
16988,0.0
7753,0.0
1154,1.0
959,1.0
8366,1.0
11225,1.0
12183,0.0
15451,0.0
17615,0.0
17100,0.0
14001,0.0
13162,0.0
16729,1.0
17397,0.0
3333,2.0
7147,0.0
13483,0.0
3878,1.0
1617,0.0
5493,0.0
2663,0.0
7378,2.0
10857,1.0
16023,0.0
8189,0.0
6827,0.0
2070,0.0
11476,0.0
10560,0.0
822,0.0
14511,2.0
3704,1.0
12659,0.0
7137,0.0
17925,0.0
28,0.0
9394,0.0
11380,1.0
7514,1.0
9306,1.0
1409,0.0
2749,0.0
15541,1.0
6121,0.0
13996,1.0
17922,0.0
14744,1.0
14372,1.0
5464,1.0
11238,0.0
11104,1.0
16424,0.0
16659,0.0
11018,0.0
3457,0.0
5047,0.0
13020,0.0
1639,0.0
922,1.0
16079,1.0
12889,0.0
12681,2.0
14278,0.0
4327,0.0
12098,0.0
16095,2.0
16796,1.0
10432,1.0
12469,0.0
7423,0.0
15221,1.0
16446,0.0
13252,2.0
16281,0.0
13071,0.0
38,0.0
80,0.0
79,0.0
8608,2.0
3189,2.0
1115,0.0
6160,0.0
7840,0.0
16401,1.0
8641,1.0
4383,0.0
6803,0.0
43,0.0
9528,0.0
6347,0.0
27,0.0
13433,0.0
8,0.0
3590,2.0
4388,1.0
131,1.0
9373,2.0
9661,0.0
3752,0.0
243,0.0
15511,1.0
18200,1.0
4361,1.0
7975,0.0
8594,1.0
8211,0.0
2499,1.0
12869,1.0
12001,0.0
3700,2.0
2915,0.0
2496,0.0
5759,0.0
4782,0.0
16979,0.0
2503,0.0
5372,0.0
2323,0.0
6676,1.0
9348,0.0
12367,2.0
8902,0.0
14201,0.0
16341,0.0
9349,0.0
703,0.0
5951,1.0
12364,0.0
18364,1.0
1,1.0
7309,0.0
1964,0.0
7415,0.0
8584,0.0
11885,0.0
6393,0.0
495,1.0
17800,0.0
10336,0.0
8458,1.0
18105,0.0
8158,0.0
4009,0.0
3934,0.0
5852,0.0
11016,2.0
13451,1.0
15470,1.0
8078,0.0
4561,1.0
9558,0.0
12189,1.0
6148,0.0
1320,0.0
13966,0.0
8577,0.0
11955,0.0
13681,1.0
191,1.0
17962,0.0
6970,0.0
18372,1.0
9075,0.0
9179,0.0
12184,0.0
17101,0.0
3855,0.0
1035,0.0
2026,1.0
11313,1.0
16825,0.0
6717,1.0
15970,1.0
11118,0.0
772,1.0
7009,0.0
3697,0.0
1385,0.0
10765,1.0
12201,0.0
11854,0.0
1767,0.0
15158,0.0
6857,1.0
2931,0.0
14156,0.0
15306,0.0
13548,1.0
10482,0.0
14505,0.0
12720,1.0
11030,0.0
17208,1.0
14129,0.0
7941,0.0
1069,0.0
4295,0.0
17982,0.0
3835,1.0
5306,1.0
3778,0.0
7829,0.0
10941,0.0
12747,1.0
10059,2.0
14783,1.0
17595,2.0
12692,0.0
7313,2.0
6789,0.0
8340,0.0
5608,0.0
17517,0.0
12329,1.0
15267,0.0
10026,0.0
2937,0.0
7350,0.0
2857,0.0
17464,0.0
14909,2.0
6834,1.0
9299,0.0
13088,1.0
13079,0.0
17207,0.0
10951,0.0
13724,1.0
2909,2.0
4882,1.0
15107,0.0
9328,2.0
499,2.0
9780,1.0
2100,1.0
14070,1.0
5427,0.0
3844,0.0
13324,0.0
2618,2.0
2445,1.0
5607,0.0
11526,2.0
9543,0.0
7148,0.0
12840,0.0
2501,0.0
1478,0.0
10959,0.0
15844,1.0
15351,0.0
16721,0.0
10871,0.0
8969,0.0
5672,0.0
7235,0.0
5375,1.0
11342,1.0
16356,1.0
17547,0.0
12639,0.0
3607,1.0
10564,0.0
1557,0.0
8738,0.0
3278,1.0
7097,0.0
1730,0.0
10450,0.0
17687,0.0
4362,0.0
10127,1.0
14714,0.0
7497,0.0
10822,2.0
10762,0.0
15772,0.0
7401,0.0
16484,0.0
130,0.0
6292,2.0
9127,0.0
4252,0.0
9006,1.0
3380,0.0
14938,0.0
12817,0.0
17452,0.0
12583,0.0
15938,1.0
12349,2.0
9243,1.0
6812,0.0
16752,0.0
7719,2.0
1002,1.0
4861,1.0
10442,0.0
12396,0.0
421,0.0
608,1.0
134,2.0
18344,0.0
9982,1.0
7259,0.0
1587,1.0
16991,0.0
12344,1.0
17807,1.0
5845,0.0
15860,1.0
16312,0.0
2765,0.0
20,0.0
5273,1.0
5062,0.0
9420,0.0
14743,0.0
18101,0.0
15418,1.0
8278,0.0
12498,0.0
16505,0.0
18346,0.0
10982,1.0
5279,0.0
2327,2.0
9180,1.0
7877,0.0
10324,2.0
17512,0.0
5774,0.0
14684,0.0
3660,0.0
18548,0.0
3745,0.0
17265,2.0
5202,0.0
17285,2.0
7023,2.0
18490,0.0
1087,0.0
15407,0.0
11353,1.0
3237,0.0
6889,0.0
4228,0.0
7622,2.0
7444,0.0
7521,0.0
8433,0.0
8592,0.0
10475,0.0
9181,1.0
13167,2.0
11147,0.0
6159,0.0
7320,0.0
14734,2.0
17401,0.0
9039,1.0
12530,0.0
15487,2.0
18533,0.0
18064,0.0
13570,0.0
2781,0.0
16247,0.0
13279,1.0
4137,0.0
16004,0.0
9879,1.0
1664,1.0
11939,1.0
138,0.0
4877,0.0
4590,0.0
6172,0.0
11537,1.0
115,1.0
17661,2.0
3256,0.0
4664,0.0
17284,0.0
8002,0.0
11097,0.0
5379,1.0
7961,0.0
12003,1.0
7262,0.0
13002,1.0
3960,0.0
455,0.0
7759,0.0
11493,1.0
3225,1.0
4008,0.0
13425,2.0
3155,0.0
3762,0.0
17340,0.0
11188,2.0
8529,1.0
10738,0.0
1847,0.0
125,0.0
4987,0.0
11307,2.0
11956,0.0
18174,0.0
7678,0.0
13083,0.0
15781,0.0
7582,0.0
9428,1.0
3691,0.0
14151,1.0
4452,0.0
12380,0.0
10915,0.0
4370,1.0
6665,1.0
10656,1.0
6522,1.0
18135,0.0
6177,0.0
6407,2.0
11648,1.0
5923,1.0
4250,2.0
16364,1.0
9711,1.0
12824,1.0
8678,1.0
11589,2.0
16834,0.0
2896,0.0
13857,0.0
3385,0.0
16313,0.0
15331,2.0
2058,0.0
12143,0.0
5212,0.0
10937,1.0
13642,2.0
15959,1.0
12594,1.0
18142,0.0
3737,0.0
13785,1.0
9574,0.0
7988,0.0
5270,0.0
4403,1.0
13804,0.0
4247,0.0
16455,0.0
7281,0.0
2831,0.0
17143,1.0
12586,0.0
9208,1.0
15673,1.0
5559,0.0
920,0.0
17381,0.0
11805,0.0
17441,0.0
3027,0.0
13250,0.0
14375,0.0
15672,0.0
893,0.0
17994,0.0
13826,0.0
7409,1.0
11529,0.0
4149,0.0
1834,0.0
16173,0.0
4269,0.0
14488,1.0
6249,0.0
2577,0.0
3631,0.0
16514,0.0
8504,0.0
7807,1.0
1014,0.0
5668,0.0
12359,0.0
6992,0.0
2741,2.0
7765,0.0
6205,1.0
6152,1.0
9571,0.0
4611,0.0
7952,0.0
1137,1.0
12579,0.0
15241,1.0
8937,1.0
18367,0.0
2802,0.0
17417,0.0
2377,0.0
17423,0.0
12229,0.0
10200,0.0
4921,0.0
2946,0.0
12711,0.0
7705,2.0
5148,1.0
2309,0.0
11057,0.0
14413,0.0
3034,0.0
6632,0.0
6016,0.0
17255,0.0
5090,0.0
16332,0.0
12531,0.0
12924,0.0
12197,1.0
3963,0.0
17858,0.0
5525,0.0
4769,1.0
11080,0.0
11532,1.0
10105,2.0
2449,0.0
18120,0.0
5434,0.0
15104,0.0
16299,2.0
487,0.0
11033,0.0
2836,0.0
7203,1.0
7523,0.0
8661,1.0
5928,2.0
8945,1.0
7388,0.0
12077,0.0
3867,2.0
23,0.0
4409,1.0
12930,1.0
13762,0.0
1636,0.0
10747,0.0
474,0.0
10366,0.0
8445,0.0
7342,0.0
12544,1.0
4199,1.0
13634,0.0
10972,1.0
15867,1.0
8743,1.0
5100,2.0
6527,1.0
296,2.0
7081,0.0
11642,0.0
14994,0.0
59,0.0
9268,0.0
11039,0.0
17665,0.0
15512,0.0
13664,0.0
13472,0.0
5925,0.0
7907,0.0
16055,0.0
3336,0.0
16414,1.0
6047,1.0
12311,1.0
10201,0.0
15393,0.0
8716,1.0
438,2.0
3268,1.0
7400,0.0
5520,0.0
7062,0.0
16163,0.0
11755,0.0
9083,0.0
5811,0.0
4668,0.0
357,0.0
1586,0.0
8670,1.0
6181,0.0
15333,0.0
10644,0.0
6915,0.0
8662,1.0
1782,2.0
2998,1.0
14007,0.0
44,0.0
5693,2.0
1732,2.0
2867,0.0
1296,2.0
18406,0.0
3883,0.0
4440,0.0
17217,0.0
12917,0.0
15400,1.0
15147,0.0
6467,1.0
13894,1.0
7942,0.0
10977,0.0
10725,0.0
12826,0.0
7968,0.0
10559,1.0
4771,0.0
15679,0.0
6090,0.0
3289,1.0
8206,0.0
9034,0.0
1802,1.0
9323,1.0
5217,0.0
15224,2.0
15116,0.0
17990,0.0
12452,0.0
11663,0.0
18281,0.0
1946,1.0
1999,0.0
12420,1.0
16293,0.0
3112,0.0
7017,1.0
4483,0.0
4460,0.0
3253,0.0
1118,0.0
4291,1.0
6331,0.0
9297,0.0
6654,0.0
11243,0.0
7143,0.0
17753,1.0
11382,1.0
16057,1.0
4531,0.0
7630,1.0
9922,0.0
4614,0.0
2466,0.0
14383,0.0
17781,0.0
7997,1.0
17366,0.0
13380,1.0
14349,0.0
15563,2.0
10599,1.0
16556,1.0
4419,1.0
10653,1.0
8605,0.0
15425,0.0
60,0.0
588,2.0
5088,0.0
13186,0.0
12476,0.0
4140,0.0
11765,1.0
7947,1.0
7984,0.0
10409,0.0
15880,0.0
3756,1.0
18072,1.0
10520,2.0
15756,1.0
4106,2.0
6932,0.0
14955,0.0
12088,2.0
7590,0.0
7773,0.0
4858,2.0
550,0.0
7044,0.0
2686,0.0
13965,0.0
6204,0.0
3173,2.0
5387,2.0
5731,0.0
279,0.0
14032,0.0
5268,0.0
12145,2.0
5991,0.0
14861,1.0
3446,0.0
12788,0.0
18136,1.0
8238,0.0
2845,2.0
6302,0.0
18405,1.0
10089,2.0
1865,1.0
14870,0.0
3291,2.0
6806,0.0
8888,1.0
3950,0.0
14916,1.0
12957,0.0
812,0.0
12866,0.0
1040,0.0
6382,0.0
12195,0.0
5303,1.0
12744,2.0
3695,1.0
2942,0.0
8667,1.0
1764,0.0
6828,0.0
1030,1.0
13359,1.0
10251,0.0
5598,1.0
2774,1.0
4278,1.0
8956,0.0
16458,0.0
7103,1.0
6405,0.0
4989,0.0
13607,0.0
7637,2.0
10317,0.0
14236,1.0
11937,0.0
5253,1.0
957,0.0
2138,0.0
2137,2.0
17548,0.0
11156,1.0
507,0.0
9593,0.0
1977,0.0
18467,1.0
6443,1.0
8512,1.0
16490,0.0
2594,2.0
15555,0.0
12013,0.0
7575,0.0
4425,0.0
11319,0.0
3375,0.0
8907,0.0
8021,2.0
9586,0.0
14831,0.0
15659,0.0
10953,0.0
12528,0.0
4979,1.0
8917,0.0
17156,0.0
12643,0.0
4442,0.0
11227,0.0
7800,0.0
112,0.0
6734,1.0
16755,0.0
11631,0.0
18126,1.0
12385,2.0
16345,1.0
10249,2.0
6810,0.0
1355,0.0
1048,1.0
323,1.0
11802,0.0
17016,0.0
3731,0.0
14354,1.0
13672,1.0
6547,2.0
2695,0.0
16033,1.0
4305,0.0
9177,0.0
178,0.0
14884,1.0
4126,2.0
13373,1.0
16815,0.0
3917,0.0
1405,0.0
7558,2.0
5628,0.0
727,0.0
4218,1.0
206,0.0
8148,1.0
4650,0.0
12671,0.0
10931,1.0
3073,1.0
6076,2.0
8407,0.0
9344,0.0
6886,0.0
14423,2.0
17880,0.0
4384,1.0
12294,2.0
2038,0.0
5291,0.0
4263,0.0
4731,0.0
6211,2.0
7717,0.0
3221,0.0
1455,0.0
14433,1.0
7153,0.0
3611,2.0
15751,0.0
16740,0.0
5556,1.0
1412,1.0
11606,1.0
5308,0.0
15272,0.0
1899,0.0
1555,0.0
6641,0.0
12804,0.0
14088,0.0
17220,2.0
12907,1.0
17741,0.0
1120,0.0
1425,0.0
902,1.0
6093,0.0
3742,1.0
3527,1.0
6470,0.0
1248,2.0
4122,2.0
17824,0.0
11940,1.0
8069,0.0
10782,0.0
17733,1.0
3612,0.0
4147,0.0
1351,0.0
11657,0.0
9091,0.0
1215,0.0
14496,0.0
12951,2.0
5385,0.0
15162,1.0
8159,1.0
2097,2.0
2235,0.0
11778,2.0
4281,0.0
12950,0.0
12763,0.0
12047,1.0
9331,0.0
11299,0.0
4905,0.0
13854,0.0
2493,0.0
10609,0.0
6455,0.0
256,0.0
6253,0.0
6311,2.0
5258,0.0
16223,0.0
15045,1.0
16894,1.0
4353,0.0
8631,0.0
2450,0.0
7468,1.0
10362,0.0
7399,1.0
16109,0.0
9510,1.0
10861,0.0
10666,0.0
16993,0.0
83,0.0
7045,0.0
9434,0.0
6235,0.0
15361,0.0
3981,1.0
3662,0.0
16614,0.0
10376,2.0
3271,1.0
2975,0.0
75,0.0
2341,1.0
8385,1.0
8929,0.0
1499,0.0
12154,0.0
16805,0.0
2637,0.0
18394,1.0
11670,2.0
17860,0.0
12290,0.0
15957,0.0
355,0.0
11566,0.0
7797,1.0
12906,1.0
17511,0.0
14447,0.0
9247,0.0
10280,1.0
11978,0.0
18054,1.0
14034,0.0
17160,0.0
17058,0.0
8421,0.0
8634,0.0
3318,0.0
18379,0.0
2159,0.0
16228,0.0
14181,0.0
5436,0.0
17152,1.0
17566,0.0
1463,0.0
11487,0.0
3076,0.0
16229,1.0
2229,0.0
9007,1.0
3059,0.0
10976,0.0
3129,1.0
7955,1.0
11083,0.0
18317,0.0
17892,1.0
16527,0.0
12631,0.0
4582,0.0
8086,1.0
18248,0.0
16554,1.0
8167,1.0
2012,0.0
858,0.0
2531,0.0
17923,2.0
5426,1.0
8975,0.0
4030,0.0
437,0.0
6766,2.0
3097,2.0
10329,0.0
1378,0.0
1517,0.0
5430,0.0
8687,0.0
13000,0.0
5862,0.0
5982,0.0
6683,0.0
6518,0.0
12191,1.0
12877,1.0
6384,1.0
850,0.0
12827,1.0
7190,0.0
5156,0.0
2506,1.0
15746,0.0
3804,0.0
4171,0.0
14659,0.0
16958,1.0
2352,0.0
4324,0.0
7477,2.0
10981,0.0
11286,0.0
5720,0.0
11659,1.0
6107,0.0
1395,0.0
18472,1.0
14230,1.0
406,2.0
5726,2.0
12338,2.0
7414,1.0
6070,0.0
5079,1.0
5193,0.0
4924,0.0
14396,0.0
14946,1.0
15124,1.0
11607,0.0
3442,0.0
7612,0.0
9712,0.0
7218,1.0
4629,0.0
14081,0.0
14494,0.0
6545,0.0
17583,0.0
14829,0.0
18314,1.0
1203,0.0
3713,1.0
9926,0.0
7665,0.0
16788,0.0
1817,0.0
8763,1.0
16357,0.0
2892,1.0
18044,0.0
18357,0.0
9188,0.0
11325,1.0
17258,0.0
11297,0.0
9818,0.0
16781,1.0
12318,0.0
3331,0.0
5269,0.0
755,0.0
1309,1.0
13229,1.0
8916,1.0
4279,0.0
16931,2.0
12973,0.0
16533,0.0
8040,1.0
12444,0.0
3800,0.0
4727,1.0
16347,0.0
4239,2.0
6383,2.0
18256,0.0
10477,1.0
16798,0.0
8214,1.0
15329,0.0
9207,0.0
543,2.0
5807,0.0
14159,0.0
4208,0.0
2908,0.0
11899,0.0
16061,0.0
8416,0.0
12911,0.0
8773,1.0
2151,0.0
5674,0.0
16412,0.0
2266,1.0
17214,0.0
5365,0.0
7419,0.0
12608,1.0
15906,0.0
8479,0.0
12787,1.0
3794,0.0
9321,0.0
17461,1.0
6091,0.0
17352,0.0
1241,2.0
17614,2.0
7786,0.0
16593,0.0
10497,1.0
16678,0.0
9176,0.0
18332,0.0
13600,0.0
17467,0.0
11130,0.0
132,0.0
17348,1.0
9292,0.0
13105,2.0
845,2.0
7231,0.0
3802,1.0
7442,0.0
3496,1.0
14382,2.0
2816,0.0
5153,0.0
12218,0.0
2580,0.0
7135,0.0
12741,1.0
17713,1.0
14591,0.0
10190,0.0
12860,1.0
18313,1.0
17323,1.0
787,2.0
3216,0.0
14340,0.0
18019,0.0
11291,2.0
3064,0.0
6619,0.0
26,0.0
4970,0.0
14999,0.0
1947,2.0
14686,2.0
16203,0.0
1103,0.0
11404,2.0
12266,1.0
1770,1.0
8425,0.0
18397,0.0
17437,0.0
327,0.0
12649,1.0
15097,1.0
17506,1.0
7070,0.0
7087,0.0
8216,0.0
4350,0.0
16206,1.0
14908,0.0
8805,1.0
5803,2.0
7568,0.0
8202,1.0
18027,0.0
4084,0.0
13745,1.0
9245,0.0
248,0.0
16080,0.0
15768,0.0
1312,0.0
5277,1.0
15091,1.0
12716,1.0
8348,0.0
204,0.0
13791,0.0
10990,2.0
5637,2.0
15068,0.0
486,0.0
12348,0.0
13992,1.0
13389,0.0
13764,0.0
12513,1.0
13333,0.0
9705,0.0
9798,0.0
8038,1.0
6650,0.0
3533,0.0
7781,2.0
4151,0.0
731,0.0
15330,0.0
13274,0.0
12411,1.0
13338,1.0
2735,0.0
263,2.0
12228,0.0
1479,0.0
7323,0.0
4670,0.0
583,1.0
3978,0.0
16563,0.0
8559,1.0
15847,0.0
7331,0.0
3098,0.0
8188,0.0
3243,1.0
13261,0.0
15982,0.0
14611,2.0
5018,1.0
1937,0.0
3992,0.0
9155,0.0
12913,0.0
9733,2.0
12803,1.0
18480,0.0
873,1.0
11392,0.0
3455,1.0
13953,0.0
11600,1.0
15146,0.0
6548,0.0
17857,0.0
6052,0.0
5795,0.0
4354,0.0
6286,0.0
15971,0.0
7145,0.0
11716,0.0
409,0.0
3208,1.0
17444,0.0
17446,1.0
18222,2.0
11707,1.0
11580,0.0
8615,0.0
7818,0.0
8617,0.0
15903,0.0
17094,0.0
11690,1.0
975,0.0
14266,0.0
1579,0.0
5601,0.0
4700,2.0
818,0.0
8241,1.0
13065,0.0
8858,1.0
7831,1.0
8574,0.0
14226,0.0
8013,0.0
4371,1.0
17637,1.0
14845,0.0
6592,0.0
10322,0.0
8284,1.0
1373,2.0
3481,0.0
6982,0.0
9417,0.0
8471,0.0
11061,0.0
2899,0.0
12697,0.0
221,0.0
10235,0.0
403,0.0
7966,1.0
15118,1.0
12635,0.0
247,2.0
1855,1.0
1094,0.0
4853,0.0
13957,0.0
17250,0.0
350,0.0
10024,0.0
13875,0.0
1576,0.0
12276,1.0
4846,0.0
12179,1.0
4118,2.0
5854,0.0
17399,0.0
2135,2.0
6312,0.0
8578,1.0
1223,1.0
8168,0.0
10333,0.0
8970,1.0
17485,0.0
7425,0.0
11660,0.0
9853,0.0
290,2.0
906,0.0
3022,0.0
4873,0.0
11414,0.0
90,1.0
5673,0.0
1090,1.0
18462,0.0
4931,1.0
17334,0.0
17559,1.0
16611,0.0
10874,2.0
17495,2.0
2815,0.0
9685,2.0
954,0.0
13786,0.0
18503,0.0
6330,1.0
14703,1.0
9454,0.0
2947,0.0
17662,1.0
9736,0.0
5728,0.0
5063,1.0
6113,0.0
11961,0.0
11270,0.0
17431,0.0
7076,0.0
17504,0.0
14676,0.0
8633,2.0
9195,1.0
14787,0.0
12063,0.0
1513,2.0
12264,0.0
1116,0.0
14330,0.0
3175,0.0
15283,1.0
5010,0.0
12502,2.0
11258,0.0
17996,0.0
8926,0.0
7454,0.0
11190,0.0
12903,0.0
16050,0.0
11373,1.0
12112,0.0
10774,1.0
8879,0.0
3167,1.0
8294,0.0
2546,0.0
12953,0.0
11844,0.0
10729,2.0
4946,1.0
16620,1.0
13537,0.0
6168,0.0
14026,1.0
10698,0.0
5378,0.0
5,0.0
14891,1.0
6981,2.0
1724,0.0
1657,0.0
8582,1.0
1540,1.0
5901,0.0
4475,1.0
3258,2.0
12926,2.0
10488,0.0
2398,0.0
13671,0.0
7870,0.0
17269,2.0
4399,0.0
5000,0.0
15637,0.0
3190,0.0
4335,1.0
18231,0.0
15934,0.0
14497,0.0
1352,1.0
17013,0.0
6556,0.0
7683,0.0
16627,2.0
1177,2.0
8506,1.0
14603,2.0
10191,1.0
15972,0.0
12244,0.0
1019,0.0
6029,0.0
16873,2.0
16845,1.0
15837,0.0
17772,1.0
17763,0.0
16444,2.0
14572,1.0
15632,1.0
14160,0.0
257,0.0
14539,0.0
14559,0.0
12472,0.0
14370,0.0
11421,1.0
12378,0.0
17558,0.0
4583,0.0
7316,0.0
8817,0.0
13353,0.0
5804,0.0
16679,1.0
13546,1.0
1810,0.0
5707,2.0
6258,0.0
12384,0.0
1910,1.0
4658,0.0
3499,0.0
7306,0.0
29,0.0
8126,0.0
6284,1.0
2842,0.0
9782,0.0
5438,0.0
4692,0.0
9458,0.0
7700,0.0
8904,0.0
7594,2.0
5488,1.0
5753,0.0
8108,0.0
3711,0.0
13717,1.0
17678,0.0
1828,0.0
13212,2.0
14622,0.0
16069,0.0
8476,0.0
6629,1.0
7084,1.0
212,0.0
10456,0.0
16547,0.0
1402,0.0
9758,2.0
12232,2.0
12016,0.0
9170,0.0
12985,0.0
259,0.0
1709,0.0
12936,1.0
7752,1.0
9303,2.0
15461,0.0
15786,0.0
13366,1.0
13067,2.0
2641,0.0
7632,0.0
15645,1.0
9278,0.0
5961,2.0
1005,0.0
3927,2.0
17822,1.0
1777,0.0
1529,1.0
1236,1.0
9708,0.0
12431,0.0
16255,1.0
17033,1.0
4512,0.0
2743,0.0
4064,1.0
7182,0.0
3880,0.0
14465,0.0
2748,1.0
4844,0.0
11338,1.0
9865,0.0
13547,2.0
18234,1.0
14006,2.0
8627,1.0
14012,0.0
18375,0.0
3285,2.0
11817,2.0
4155,0.0
1751,1.0
17699,0.0
16393,0.0
5732,1.0
2907,1.0
3394,0.0
16998,1.0
18416,2.0
17803,1.0
17581,2.0
2147,2.0
13444,0.0
4560,1.0
15111,2.0
13718,2.0
2199,0.0
11969,0.0
15567,0.0
18207,1.0
15438,0.0
2792,0.0
11912,0.0
10010,0.0
11012,2.0
3370,2.0
4056,1.0
12495,0.0
10154,1.0
9843,0.0
9796,0.0
18118,0.0
18414,0.0
7008,2.0
16423,1.0
13850,0.0
3515,0.0
3113,0.0
15323,1.0
14093,0.0
4491,0.0
6128,0.0
4738,1.0
3198,0.0
8699,0.0
341,0.0
3554,2.0
14832,0.0
11706,0.0
12216,0.0
657,1.0
11100,1.0
13391,2.0
4119,0.0
1389,1.0
10232,0.0
10113,0.0
8525,1.0
18143,0.0
5248,1.0
4764,0.0
9076,2.0
8106,2.0
4694,0.0
9795,0.0
9386,0.0
3290,0.0
18385,0.0
519,0.0
7185,0.0
2465,2.0
111,0.0
5591,1.0
3319,0.0
7138,0.0
15978,0.0
2992,1.0
6210,0.0
17970,0.0
5242,0.0
4806,0.0
9884,2.0
16303,2.0
3011,1.0
3558,0.0
4949,1.0
827,0.0
17650,1.0
17527,1.0
4377,0.0
2355,1.0
6175,0.0
18309,1.0
15389,0.0
12684,1.0
11976,0.0
8452,1.0
14598,0.0
901,0.0
12074,0.0
6426,0.0
10297,2.0
16145,2.0
1746,2.0
12450,0.0
16693,0.0
18538,1.0
4482,0.0
13003,0.0
17757,1.0
13496,0.0
5414,0.0
9557,0.0
5216,0.0
18360,0.0
16207,1.0
15688,1.0
10242,0.0
1739,1.0
11928,1.0
4115,0.0
2575,1.0
11381,0.0
6737,0.0
6406,0.0
11311,2.0
8447,0.0
16697,1.0
10964,0.0
13675,0.0
7095,0.0
9418,1.0
16949,0.0
17438,2.0
7046,1.0
7651,0.0
2190,2.0
10144,0.0
17685,1.0
17109,0.0
6239,1.0
8128,1.0
4446,0.0
13889,0.0
14688,0.0
17585,2.0
8867,0.0
12590,2.0
16785,1.0
8911,1.0
9346,0.0
6241,0.0
11719,0.0
9663,1.0
8551,0.0
14928,0.0
15060,1.0
4587,0.0
6846,1.0
14207,1.0
15709,0.0
4751,0.0
7527,0.0
2028,0.0
14721,0.0
14727,0.0
12602,0.0
17850,0.0
9565,0.0
1941,0.0
1980,1.0
14385,0.0
17888,0.0
8668,0.0
10416,0.0
217,1.0
16794,0.0
16467,0.0
16492,0.0
16097,0.0
924,2.0
2136,0.0
11302,0.0
4589,0.0
15142,0.0
7639,1.0
15324,0.0
16133,1.0
5032,1.0
17830,0.0
1789,0.0
3381,0.0
1398,0.0
13626,0.0
16934,0.0
2314,1.0
11067,0.0
15365,0.0
10459,1.0
8114,0.0
15955,0.0
2114,1.0
17724,0.0
15704,0.0
6906,0.0
12750,2.0
4075,0.0
6986,2.0
7868,0.0
2372,1.0
6085,1.0
5557,0.0
1656,0.0
17670,1.0
11518,1.0
31,0.0
1031,1.0
9752,2.0
809,1.0
3640,0.0
2923,0.0
18016,2.0
7042,1.0
15825,0.0
2258,1.0
14403,1.0
11011,0.0
4973,2.0
17624,0.0
12599,0.0
11093,2.0
9267,0.0
12200,2.0
5964,0.0
4136,0.0
17061,0.0
15676,0.0
8054,0.0
315,1.0
3570,0.0
7377,0.0
15309,1.0
1874,1.0
7071,0.0
3152,2.0
15697,0.0
2425,1.0
2729,0.0
7506,0.0
15998,0.0
15256,0.0
1446,0.0
7240,0.0
13348,0.0
5636,0.0
4881,1.0
7904,0.0
8123,0.0
6794,1.0
190,0.0
17307,0.0
4066,0.0
16510,0.0
10551,0.0
17638,0.0
3669,0.0
14654,1.0
4607,0.0
2614,0.0
15280,0.0
10722,0.0
14768,1.0
3334,0.0
16453,0.0
5333,0.0
13488,1.0
10625,0.0
8454,0.0
15072,1.0
14454,0.0
16540,0.0
11863,1.0
16088,1.0
4685,0.0
12644,0.0
10984,0.0
10791,0.0
18506,0.0
10847,0.0
8675,0.0
11864,0.0
15273,0.0
5745,0.0
1255,1.0
13027,0.0
3164,0.0
5397,0.0
13706,0.0
4178,0.0
12454,1.0
177,0.0
8162,1.0
13041,0.0
6385,1.0
1816,1.0
2660,1.0
18413,0.0
14583,1.0
6926,0.0
8166,2.0
1295,0.0
11457,1.0
470,0.0
11397,2.0
1110,2.0
7051,0.0
16515,0.0
18182,0.0
6808,1.0
2537,1.0
13181,0.0
154,1.0
8383,1.0
2564,1.0
12445,1.0
8728,0.0
8009,0.0
16608,0.0
313,0.0
14350,0.0
9820,0.0
14210,0.0
6644,1.0
15347,2.0
9230,0.0
12757,0.0
7552,0.0
14018,2.0
8102,0.0
10319,0.0
15910,0.0
3183,2.0
7033,0.0
16615,1.0
11200,1.0
4706,0.0
4623,1.0
10025,0.0
7296,2.0
1614,1.0
5647,0.0
2021,0.0
6651,0.0
14219,0.0
10852,0.0
6727,1.0
6282,0.0
5727,0.0
16114,1.0
1216,0.0
1993,0.0
1776,1.0
12052,0.0
17750,0.0
9115,0.0
1006,0.0
2214,1.0
17971,0.0
12235,1.0
9562,0.0
14486,0.0
3860,0.0
6303,0.0
13434,0.0
7229,0.0
6661,0.0
12412,0.0
1904,0.0
14066,0.0
886,0.0
769,0.0
1553,0.0
8228,1.0
15713,0.0
432,0.0
14084,0.0
6781,1.0
3723,0.0
12389,0.0
8892,1.0
16074,2.0
10444,0.0
107,1.0
12252,0.0
10767,0.0
5977,1.0
10850,1.0
12053,1.0
15677,0.0
2096,0.0
2656,0.0
4439,0.0
12868,0.0
10438,1.0
15725,0.0
11192,1.0
3682,1.0
13795,0.0
14106,0.0
16809,1.0
9725,0.0
9977,0.0
12174,0.0
10713,0.0
2759,0.0
12719,0.0
10130,0.0
16746,0.0
13234,0.0
6893,0.0
12700,1.0
10537,0.0
10796,2.0
6498,0.0
8359,0.0
5524,2.0
13842,1.0
17698,0.0
1965,0.0
13388,1.0
13233,0.0
6243,0.0
16754,0.0
16224,0.0
1266,1.0
1914,0.0
14062,0.0
1877,0.0
7502,1.0
17773,2.0
561,0.0
4651,0.0
12799,0.0
9901,0.0
11191,0.0
10690,0.0
5243,0.0
18170,2.0
1544,1.0
14761,0.0
6021,1.0
12710,2.0
544,1.0
17015,0.0
7019,0.0
2608,0.0
8623,0.0
2848,0.0
17596,0.0
7104,0.0
5624,2.0
9976,1.0
14493,0.0
5410,0.0
11752,0.0
8505,0.0
13526,1.0
14471,0.0
1424,0.0
17871,0.0
9254,0.0
14866,0.0
13568,0.0
15264,1.0
2965,1.0
15316,0.0
17592,0.0
2581,0.0
12613,0.0
17327,1.0
3989,0.0
16082,0.0
2164,1.0
918,0.0
8242,2.0
7953,0.0
6208,0.0
2007,1.0
15166,1.0
2434,2.0
8948,0.0
10583,2.0
4094,1.0
7022,0.0
1343,0.0
5827,0.0
3689,1.0
18130,0.0
8154,2.0
10971,0.0
15126,0.0
17748,0.0
14468,0.0
6899,0.0
7485,0.0
11116,1.0
6753,0.0
3561,1.0
16140,0.0
13149,0.0
12193,0.0
7169,1.0
5440,0.0
8932,0.0
618,0.0
12137,1.0
11082,2.0
16101,0.0
1265,0.0
4216,2.0
387,0.0
8155,0.0
9407,1.0
6071,1.0
6217,0.0
15887,0.0
11402,0.0
1538,1.0
14401,0.0
12269,1.0
13610,0.0
999,1.0
12293,0.0
10944,2.0
12695,0.0
8210,1.0
17037,2.0
12363,1.0
9178,1.0
15798,0.0
13056,0.0
9603,1.0
859,1.0
13073,0.0
2497,1.0
12337,1.0
12037,1.0
3753,0.0
11028,1.0
16530,1.0
1916,0.0
1196,0.0
5203,0.0
14719,0.0
4293,1.0
9497,0.0
15342,0.0
2639,1.0
4549,1.0
14303,1.0
11187,1.0
15605,0.0
5908,1.0
6752,0.0
16417,1.0
14794,0.0
4943,0.0
10481,2.0
15167,0.0
2707,0.0
17291,0.0
15754,0.0
13801,0.0
7245,0.0
18493,0.0
17673,0.0
10958,0.0
6487,1.0
7336,1.0
2920,1.0
1861,1.0
9970,1.0
2490,1.0
15770,0.0
15918,0.0
17005,1.0
4799,0.0
2200,0.0
16895,0.0
3572,0.0
8190,2.0
1670,0.0
2613,0.0
17145,0.0
15370,0.0
5767,0.0
3948,0.0
8555,0.0
14146,0.0
14968,0.0
8709,0.0
12433,1.0
2917,2.0
5357,0.0
14270,0.0
9667,0.0
16290,0.0
8468,1.0
14256,0.0
9991,0.0
10596,0.0
17551,1.0
6773,1.0
6722,0.0
18100,0.0
15092,0.0
18046,0.0
4422,0.0
91,1.0
8565,0.0
11466,1.0
15366,0.0
13914,0.0
14467,0.0
662,0.0
6053,1.0
3460,0.0
9378,2.0
7367,1.0
14803,0.0
18080,0.0
3371,0.0
9147,0.0
871,1.0
7838,0.0
2644,1.0
8220,1.0
16007,0.0
10655,1.0
7698,0.0
5630,0.0
4280,1.0
3260,1.0
14556,0.0
16549,1.0
16056,0.0
3428,0.0
7747,1.0
15013,0.0
14431,1.0
13645,0.0
12982,1.0
2635,0.0
1976,0.0
12560,0.0
952,0.0
13377,0.0
16889,1.0
12132,0.0
3531,0.0
13722,1.0
10542,1.0
17866,0.0
4401,1.0
6089,2.0
10224,0.0
3229,0.0
9956,0.0
7635,0.0
8090,0.0
10696,1.0
17475,1.0
16897,0.0
6957,0.0
928,0.0
14430,0.0
14271,1.0
2134,1.0
4883,1.0
14166,0.0
9215,0.0
11633,1.0
687,2.0
5401,2.0
9121,1.0
18358,1.0
8783,0.0
1729,0.0
5317,0.0
10902,0.0
16304,2.0
14286,0.0
16051,2.0
13500,0.0
6408,0.0
7198,1.0
12079,2.0
13621,0.0
6709,1.0
9689,0.0
9251,1.0
12909,1.0
10183,0.0
14041,0.0
8287,1.0
7999,0.0
7085,0.0
17738,0.0
7345,0.0
1809,0.0
4622,0.0
12975,0.0
1433,0.0
13118,1.0
265,0.0
6914,0.0
9489,0.0
11235,1.0
3028,0.0
1064,2.0
14287,0.0
16990,2.0
8229,0.0
6782,1.0
714,0.0
7292,0.0
9098,0.0
1887,1.0
5844,0.0
4930,0.0
8333,2.0
5711,0.0
11654,1.0
10138,0.0
17411,0.0
17193,0.0
2382,1.0
12202,1.0
1829,0.0
8196,0.0
12108,0.0
6731,0.0
5957,0.0
18147,0.0
4542,0.0
2208,2.0
7495,0.0
1077,0.0
3003,1.0
139,0.0
5733,0.0
7412,0.0
13755,0.0
17071,0.0
15410,0.0
8531,0.0
12010,1.0
17569,0.0
5835,1.0
1603,0.0
3894,0.0
15176,2.0
7561,0.0
13273,1.0
7155,1.0
14336,1.0
1225,1.0
6798,2.0
13838,0.0
16301,0.0
10522,0.0
9350,1.0
14288,0.0
8496,1.0
7976,1.0
6691,1.0
13046,1.0
17991,0.0
8063,1.0
14890,0.0
7432,2.0
2348,0.0
4736,0.0
5098,0.0
4357,0.0
1367,0.0
9480,2.0
16087,0.0
14487,0.0
2488,0.0
2233,1.0
5418,1.0
5950,1.0
11295,1.0
853,0.0
17202,0.0
13421,0.0
2250,0.0
555,0.0
15294,0.0
9632,2.0
2224,1.0
9909,0.0
9730,1.0
9617,0.0
16268,1.0
12532,2.0
3832,0.0
1971,1.0
7978,0.0
15634,0.0
360,2.0
4965,0.0
5823,1.0
6720,0.0
11430,0.0
15572,1.0
5933,0.0
16579,0.0
6723,0.0
9797,0.0
17372,0.0
8052,2.0
2983,1.0
3973,0.0
15719,0.0
11065,1.0
2166,0.0
5049,0.0
14381,0.0
12230,0.0
18230,0.0
13836,1.0
11474,0.0
17135,0.0
5184,1.0
17301,1.0
10590,0.0
14040,0.0
5527,0.0
69,1.0
1284,0.0
15406,0.0
14294,0.0
15367,1.0
504,0.0
13828,0.0
5307,0.0
16911,0.0
14064,0.0
6551,1.0
17519,0.0
18021,0.0
12418,1.0
10663,0.0
7027,0.0
3896,0.0
14304,0.0
1485,0.0
3018,0.0
8413,0.0
15975,1.0
1416,0.0
9114,0.0
3272,1.0
12988,0.0
12017,0.0
1349,0.0
18442,1.0
15548,0.0
8658,0.0
9404,1.0
18122,0.0
3996,0.0
9463,0.0
5696,0.0
9236,2.0
9366,1.0
10826,0.0
15014,0.0
5671,0.0
11396,1.0
17561,0.0
9313,0.0
14155,0.0
14700,0.0
10876,1.0
6699,0.0
5502,0.0
13573,0.0
13685,1.0
8599,1.0
8475,1.0
6019,1.0
17293,0.0
17774,0.0
17473,0.0
4454,1.0
8844,0.0
7682,0.0
6604,1.0
15103,0.0
1079,1.0
10261,0.0
5159,0.0
17666,0.0
1967,0.0
13378,2.0
13571,0.0
5806,0.0
4248,1.0
15658,0.0
10745,0.0
4959,0.0
13346,1.0
8767,0.0
16171,1.0
9271,1.0
14039,0.0
8397,0.0
14127,1.0
3081,1.0
6638,0.0
2566,0.0
7305,2.0
6776,1.0
10302,1.0
14130,1.0
16779,1.0
11180,0.0
6153,2.0
17795,1.0
1979,0.0
1908,0.0
10296,1.0
9330,2.0
8281,0.0
11510,1.0
18180,1.0
1111,1.0
13865,0.0
1915,0.0
12170,1.0
8672,0.0
15276,1.0
12357,0.0
10584,0.0
9625,0.0
5370,1.0
15737,0.0
10748,0.0
13556,1.0
14962,0.0
8022,1.0
1909,2.0
11269,0.0
14931,1.0
2753,0.0
11038,0.0
10664,2.0
17165,2.0
424,0.0
3055,0.0
10800,1.0
14529,0.0
3267,1.0
18525,2.0
5920,0.0
6533,1.0
4974,0.0
15522,1.0
752,1.0
55,0.0
6262,1.0
13204,2.0
3297,0.0
15144,2.0
3971,2.0
12463,0.0
14629,0.0
4792,0.0
13620,1.0
11990,2.0
11563,0.0
5181,1.0
4061,1.0
4051,0.0
2334,0.0
7906,0.0
5261,0.0
6973,0.0
3407,0.0
15105,1.0
11174,0.0
10461,1.0
9110,0.0
15838,0.0
2628,0.0
2461,0.0
8027,0.0
5750,1.0
5974,0.0
13691,2.0
4952,0.0
8337,1.0
240,1.0
5701,2.0
2471,1.0
13932,0.0
13092,0.0
634,0.0
9016,0.0
12598,0.0
2253,0.0
16572,0.0
3600,0.0
17593,0.0
12699,0.0
5762,0.0
9143,0.0
6456,0.0
6616,1.0
17626,0.0
13455,1.0
17277,1.0
8277,0.0
17246,0.0
2077,0.0
16014,0.0
8770,2.0
6872,0.0
15181,2.0
9783,1.0
3911,0.0
16909,0.0
8521,0.0
10330,1.0
17542,1.0
1792,0.0
11807,0.0
12806,2.0
18141,0.0
4019,2.0
7915,0.0
3944,0.0
1546,0.0
3698,1.0
7264,2.0
15492,1.0
7379,0.0
15056,0.0
16430,0.0
15225,0.0
16885,0.0
8498,0.0
6560,1.0
3781,1.0
11138,2.0
9340,1.0
7383,1.0
16198,0.0
13936,0.0
7476,1.0
7793,1.0
5931,2.0
7039,0.0
3932,0.0
12030,0.0
3462,1.0
10960,1.0
7883,1.0
9440,1.0
7610,1.0
8055,1.0
5439,1.0
3659,0.0
11244,1.0
6483,0.0
17532,0.0
9324,0.0
7126,2.0
6334,0.0
4702,0.0
10505,0.0
17815,1.0
18387,0.0
10230,0.0
13498,0.0
12522,0.0
1813,0.0
14199,0.0
11229,0.0
2954,0.0
1112,0.0
16869,1.0
3493,2.0
9741,1.0
502,0.0
5500,0.0
6977,2.0
1618,0.0
5868,0.0
2113,1.0
15888,0.0
903,1.0
11731,0.0
683,0.0
14458,0.0
11463,0.0
16287,2.0
17322,1.0
13856,0.0
14224,1.0
4600,2.0
6552,0.0
13609,0.0
1832,0.0
4647,0.0
3226,0.0
10012,1.0
1542,0.0
11132,0.0
2290,2.0
93,0.0
5074,0.0
4635,1.0
1626,0.0
11087,1.0
15085,2.0
1795,0.0
9538,2.0
13737,0.0
14446,0.0
18104,0.0
15843,1.0
10952,0.0
12853,1.0
3067,0.0
3504,2.0
12705,1.0
16569,0.0
1527,0.0
7030,0.0
15503,0.0
2387,0.0
6649,0.0
9017,0.0
1003,0.0
6780,0.0
8640,0.0
972,0.0
16126,0.0
7712,0.0
15544,2.0
13109,1.0
10126,0.0
9125,0.0
18233,1.0
17620,0.0
7049,0.0
13661,1.0
1436,0.0
2183,1.0
5547,0.0
9738,1.0
7113,0.0
15700,0.0
15733,1.0
4021,0.0
878,0.0
11695,1.0
15412,1.0
1972,1.0
64,0.0
2897,0.0
2708,0.0
12865,0.0
14741,0.0
15514,0.0
9361,1.0
17629,1.0
15650,0.0
18543,1.0
4605,0.0
15922,1.0
968,0.0
12815,1.0
12879,2.0
8265,0.0
6388,0.0
15753,0.0
8616,0.0
16349,2.0
4596,0.0
17616,0.0
2675,1.0
16526,0.0
5285,2.0
15968,0.0
12645,2.0
7341,0.0
13288,0.0
2416,0.0
11833,0.0
8960,0.0
12314,2.0
11231,0.0
7246,0.0
3266,0.0
14273,0.0
6925,0.0
10708,0.0
14518,0.0
24,0.0
3624,0.0
8897,0.0
5932,1.0
16705,0.0
5945,0.0
14410,0.0
11591,1.0
7560,0.0
8872,1.0
17854,0.0
9314,1.0
3497,0.0
3787,0.0
5859,0.0
4619,1.0
3532,0.0
12383,2.0
13005,0.0
11006,0.0
11650,2.0
3653,0.0
11598,0.0
14485,0.0
18033,0.0
4289,0.0
18258,2.0
17125,1.0
3849,1.0
8012,0.0
1556,0.0
10163,0.0
15701,0.0
9915,0.0
358,1.0
11280,1.0
17063,0.0
2829,1.0
16241,1.0
13416,0.0
13834,0.0
1341,0.0
6969,0.0
10434,0.0
17876,1.0
5369,0.0
18175,0.0
16369,0.0
14198,2.0
6509,0.0
18004,0.0
13878,0.0
17418,0.0
17262,0.0
15622,1.0
11054,0.0
2019,0.0
15545,0.0
6785,1.0
13879,1.0
6601,0.0
9238,0.0
2299,0.0
1490,0.0
18085,0.0
14218,1.0
17705,0.0
2674,0.0
17578,1.0
9311,0.0
13265,0.0
3330,0.0
9204,0.0
4018,0.0
9981,0.0
13905,0.0
10476,0.0
8136,0.0
12034,0.0
4029,0.0
3249,2.0
15196,0.0
11228,0.0
7086,0.0
16913,0.0
1779,0.0
14316,0.0
5649,0.0
13640,1.0
15029,0.0
10629,1.0
10591,2.0
3593,0.0
6088,0.0
5749,1.0
162,0.0
8233,0.0
3091,0.0
5867,0.0
5471,1.0
5550,0.0
3539,0.0
14384,1.0
1624,1.0
2599,0.0
16695,0.0
2520,0.0
11893,0.0
4513,0.0
15698,0.0
4864,0.0
17407,0.0
16555,0.0
3582,0.0
17639,2.0
1050,0.0
1046,0.0
795,1.0
5009,0.0
18299,0.0
4459,1.0
7562,0.0
7880,0.0
7332,0.0
2891,0.0
15339,2.0
161,0.0
2539,0.0
3730,1.0
3283,0.0
6910,0.0
14076,1.0
9421,2.0
5897,0.0
18444,0.0
8380,0.0
15946,2.0
4818,1.0
13952,1.0
14643,0.0
17204,0.0
3817,0.0
2088,2.0
14581,0.0
14998,2.0
948,1.0
14253,0.0
12733,0.0
6223,0.0
10226,1.0
7821,0.0
7927,1.0
469,0.0
9594,0.0
12764,0.0
1065,0.0
18058,0.0
12660,1.0
17369,2.0
637,0.0
14171,0.0
6337,2.0
12080,0.0
16429,2.0
5468,1.0
1144,2.0
2368,0.0
18219,0.0
8951,0.0
2275,1.0
10275,1.0
11112,1.0
10548,0.0
5599,1.0
8087,2.0
7827,0.0
1867,0.0
10837,0.0
1397,0.0
12126,2.0
14142,0.0
17764,0.0
12812,0.0
17199,0.0
15532,1.0
7932,0.0
12736,0.0
2770,2.0
466,1.0
5786,0.0
3765,0.0
2239,0.0
11918,1.0
2402,1.0
576,0.0
7188,0.0
9460,0.0
16691,0.0
5773,0.0
17767,0.0
16222,2.0
10045,1.0
813,0.0
9123,0.0
883,0.0
6044,0.0
8891,0.0
797,0.0
9100,0.0
14921,0.0
7789,1.0
17172,1.0
8045,0.0
18061,1.0
11636,0.0
11884,1.0
12873,0.0
16588,0.0
16742,0.0
7830,0.0
3061,2.0
2671,0.0
146,0.0
13794,1.0
8062,0.0
11674,0.0
4232,2.0
18528,2.0
6115,0.0
8138,0.0
10069,1.0
17414,0.0
1101,0.0
9028,2.0
6224,0.0
4762,1.0
623,0.0
11462,1.0
3729,1.0
6668,1.0
16630,0.0
4146,0.0
888,1.0
5798,1.0
3886,1.0
1102,2.0
11818,2.0
13241,0.0
3626,2.0
6423,0.0
10331,2.0
14531,0.0
13197,0.0
15821,1.0
13362,0.0
7426,0.0
16799,0.0
5970,2.0
594,1.0
6453,0.0
15373,1.0
14399,0.0
5185,0.0
18492,0.0
8115,2.0
11992,0.0
3415,0.0
16544,0.0
12534,0.0
16671,0.0
13944,0.0
9388,0.0
745,1.0
1488,0.0
11764,0.0
17185,2.0
339,2.0
6381,0.0
13754,2.0
2777,0.0
13328,0.0
1787,2.0
1849,0.0
6494,0.0
15032,0.0
15430,0.0
3511,0.0
14216,0.0
2169,1.0
3405,1.0
5101,1.0
5119,1.0
13202,0.0
11300,0.0
15046,0.0
9185,0.0
17646,1.0
12735,0.0
9656,0.0
10511,2.0
12449,0.0
2840,0.0
6391,0.0
9093,0.0
7032,0.0
1108,0.0
2864,0.0
5346,0.0
13814,1.0
9551,1.0
5946,1.0
11952,0.0
4256,0.0
6410,0.0
2030,0.0
8981,2.0
8336,0.0
16262,0.0
11613,0.0
3450,1.0
4065,0.0
1628,1.0
16687,1.0
6813,1.0
10455,2.0
870,0.0
18068,0.0
14111,2.0
15189,0.0
17067,0.0
